date_time,maxtempC,mintempC,totalSnow_cm,sunHour,uvIndex,moon_illumination,moonrise,moonset,sunrise,sunset,DewPointC,FeelsLikeC,HeatIndexC,WindChillC,WindGustKmph,cloudcover,humidity,precipMM,pressure,tempC,visibility,winddirDegree,windspeedKmph,location
2017-01-01,21,17,0.0,8.7,5,20,09:03 AM,08:36 PM,07:03 AM,05:51 PM,15,19,20,19,23,30,80,0.0,1021,21,10,76,16,hongkong
2017-01-02,22,17,0.0,8.7,5,27,09:47 AM,09:31 PM,07:03 AM,05:52 PM,17,21,21,21,14,11,80,0.0,1020,22,10,77,10,hongkong
2017-01-03,22,18,0.0,8.7,5,34,10:29 AM,10:26 PM,07:04 AM,05:52 PM,17,21,22,21,18,8,81,0.0,1019,22,10,81,14,hongkong
2017-01-04,22,18,0.0,8.7,5,41,11:11 AM,11:23 PM,07:04 AM,05:53 PM,17,21,22,21,20,8,82,0.0,1018,22,10,80,15,hongkong
2017-01-05,22,18,0.0,5.5,5,49,11:53 AM,No moonset,07:04 AM,05:54 PM,18,21,21,21,14,42,83,0.0,1017,22,10,72,9,hongkong
2017-01-06,23,19,0.0,8.7,6,56,12:35 PM,12:20 AM,07:04 AM,05:54 PM,19,22,23,22,15,32,84,0.0,1015,23,10,85,11,hongkong
2017-01-07,22,19,0.0,8.7,6,63,01:20 PM,01:19 AM,07:05 AM,05:55 PM,18,21,22,21,16,41,86,0.0,1014,22,10,86,12,hongkong
2017-01-08,24,20,0.0,8.7,6,70,02:07 PM,02:20 AM,07:05 AM,05:56 PM,18,23,25,23,7,24,76,0.0,1014,24,10,96,5,hongkong
2017-01-09,22,19,0.0,7.1,5,78,02:59 PM,03:23 AM,07:05 AM,05:56 PM,17,21,22,21,17,38,79,0.0,1016,22,10,67,12,hongkong
2017-01-10,21,19,0.0,8.7,5,85,03:54 PM,04:26 AM,07:05 AM,05:57 PM,16,20,20,20,27,70,81,0.1,1018,21,10,85,19,hongkong
2017-01-11,20,18,0.0,3.9,4,92,04:53 PM,05:29 AM,07:05 AM,05:58 PM,15,19,19,19,27,90,79,0.3,1018,20,9,74,19,hongkong
2017-01-12,20,16,0.0,3.9,4,100,05:55 PM,06:29 AM,07:05 AM,05:58 PM,14,18,18,18,22,85,76,0.1,1016,20,10,79,16,hongkong
2017-01-13,15,14,0.0,4.0,3,100,06:57 PM,07:26 AM,07:05 AM,05:59 PM,11,14,14,14,20,95,79,1.5,1016,15,9,102,16,hongkong
2017-01-14,16,14,0.0,5.5,3,86,07:57 PM,08:18 AM,07:05 AM,06:00 PM,12,14,15,14,22,98,82,3.4,1018,16,8,42,17,hongkong
2017-01-15,16,14,0.0,5.5,4,79,08:55 PM,09:05 AM,07:05 AM,06:00 PM,12,15,15,15,23,99,80,1.5,1021,16,7,39,17,hongkong
2017-01-16,16,14,0.0,5.5,3,71,09:50 PM,09:48 AM,07:05 AM,06:01 PM,12,14,15,14,24,91,81,2.3,1021,16,8,52,18,hongkong
2017-01-17,20,15,0.0,7.0,5,64,10:43 PM,10:28 AM,07:05 AM,06:02 PM,14,18,18,18,25,68,80,1.0,1021,20,8,65,18,hongkong
2017-01-18,19,18,0.0,5.5,4,57,11:35 PM,11:06 AM,07:05 AM,06:03 PM,16,19,19,19,17,87,83,0.1,1021,19,10,47,12,hongkong
2017-01-19,21,18,0.0,8.5,4,50,No moonrise,11:43 AM,07:05 AM,06:03 PM,17,20,20,20,12,77,84,0.0,1020,21,10,163,9,hongkong
2017-01-20,19,16,0.0,11.0,5,42,12:24 AM,12:19 PM,07:05 AM,06:04 PM,12,17,17,17,22,50,70,0.0,1023,19,10,70,17,hongkong
2017-01-21,18,13,0.0,11.0,5,35,01:14 AM,12:57 PM,07:05 AM,06:05 PM,9,16,16,16,19,39,61,0.0,1025,18,10,20,15,hongkong
2017-01-22,18,13,0.0,11.0,5,28,02:04 AM,01:37 PM,07:05 AM,06:05 PM,8,16,17,16,13,18,55,0.0,1026,18,10,57,10,hongkong
2017-01-23,19,15,0.0,11.0,5,20,02:54 AM,02:18 PM,07:05 AM,06:06 PM,10,17,17,17,22,34,65,0.0,1025,19,10,63,16,hongkong
2017-01-24,19,16,0.0,11.0,5,13,03:44 AM,03:03 PM,07:04 AM,06:07 PM,12,18,18,18,25,24,68,0.0,1025,19,10,72,19,hongkong
2017-01-25,20,17,0.0,11.0,5,6,04:34 AM,03:51 PM,07:04 AM,06:07 PM,13,18,19,18,19,29,73,0.0,1025,20,10,76,15,hongkong
2017-01-26,19,15,0.0,11.0,5,0,05:24 AM,04:41 PM,07:04 AM,06:08 PM,14,19,19,19,15,4,75,0.0,1024,19,10,77,13,hongkong
2017-01-27,20,15,0.0,11.1,5,0,06:12 AM,05:35 PM,07:04 AM,06:09 PM,12,20,20,20,13,0,63,0.0,1023,20,10,76,11,hongkong
2017-01-28,19,16,0.0,5.5,4,1,06:59 AM,06:29 PM,07:04 AM,06:09 PM,14,18,18,18,24,75,79,0.2,1018,19,10,81,17,hongkong
2017-01-29,20,18,0.0,5.5,4,8,07:45 AM,07:25 PM,07:03 AM,06:10 PM,17,19,19,19,20,91,89,0.6,1017,20,9,74,14,hongkong
2017-01-30,23,18,0.0,7.1,5,16,08:28 AM,08:21 PM,07:03 AM,06:11 PM,18,21,21,21,20,76,84,0.5,1018,23,8,46,14,hongkong
2017-01-31,19,16,0.0,7.1,4,20,09:11 AM,09:19 PM,07:03 AM,06:11 PM,14,18,18,18,22,86,76,0.3,1020,19,10,57,17,hongkong
2017-02-01,22,17,0.0,11.1,5,31,09:53 AM,10:16 PM,07:02 AM,06:12 PM,15,19,20,19,18,52,74,0.2,1021,22,10,59,14,hongkong
2017-02-02,20,17,0.0,10.1,5,39,10:35 AM,11:14 PM,07:02 AM,06:12 PM,14,18,18,18,24,37,75,0.0,1022,20,10,74,18,hongkong
2017-02-03,19,16,0.0,11.1,5,46,11:19 AM,No moonset,07:01 AM,06:13 PM,13,18,18,18,21,42,72,0.0,1020,19,10,73,16,hongkong
2017-02-04,21,17,0.0,10.1,5,54,12:04 PM,12:13 AM,07:01 AM,06:14 PM,14,19,20,19,15,41,74,1.1,1016,21,10,116,12,hongkong
2017-02-05,22,18,0.0,10.1,5,62,12:53 PM,01:14 AM,07:01 AM,06:14 PM,17,20,21,20,10,47,79,1.0,1014,22,10,86,8,hongkong
2017-02-06,21,18,0.0,10.1,5,69,01:45 PM,02:14 AM,07:00 AM,06:15 PM,15,19,20,19,31,56,77,0.0,1015,21,10,82,23,hongkong
2017-02-07,19,17,0.0,8.6,5,77,02:40 PM,03:16 AM,07:00 AM,06:16 PM,13,18,18,18,33,64,75,0.5,1016,19,9,82,25,hongkong
2017-02-08,19,15,0.0,5.8,4,84,03:40 PM,04:15 AM,06:59 AM,06:16 PM,15,18,18,18,24,85,84,1.6,1017,19,6,88,18,hongkong
2017-02-09,16,11,0.0,11.6,4,92,04:39 PM,05:12 AM,06:59 AM,06:17 PM,5,11,13,11,32,45,59,0.3,1021,16,10,9,25,hongkong
2017-02-10,15,10,0.0,11.6,4,99,05:40 PM,06:05 AM,06:58 AM,06:17 PM,3,10,12,10,21,39,52,0.0,1023,15,10,26,17,hongkong
2017-02-11,16,11,0.0,11.6,4,100,06:38 PM,06:54 AM,06:57 AM,06:18 PM,3,13,14,13,15,16,48,0.0,1026,16,10,47,12,hongkong
2017-02-12,17,13,0.0,11.6,4,86,07:36 PM,07:40 AM,06:57 AM,06:18 PM,7,16,16,16,13,5,55,0.0,1027,17,10,70,11,hongkong
2017-02-13,18,13,0.0,11.6,5,78,08:30 PM,08:21 AM,06:56 AM,06:19 PM,10,18,18,18,19,2,62,0.0,1027,18,10,72,15,hongkong
2017-02-14,20,15,0.0,11.6,5,71,09:23 PM,09:01 AM,06:56 AM,06:20 PM,10,17,17,17,27,54,62,0.0,1028,20,10,77,19,hongkong
2017-02-15,19,15,0.0,11.6,5,63,10:14 PM,09:39 AM,06:55 AM,06:20 PM,12,18,18,18,24,8,68,0.0,1026,19,10,87,17,hongkong
2017-02-16,21,16,0.0,11.6,5,55,11:05 PM,10:16 AM,06:54 AM,06:21 PM,16,21,22,21,12,2,76,0.0,1021,21,10,100,10,hongkong
2017-02-17,23,17,0.0,11.6,5,48,11:55 PM,10:54 AM,06:54 AM,06:21 PM,18,23,25,23,8,3,75,0.0,1021,23,10,96,7,hongkong
2017-02-18,22,17,0.0,11.6,5,40,No moonrise,11:33 AM,06:53 AM,06:22 PM,17,22,23,22,13,2,76,0.0,1021,22,10,76,11,hongkong
2017-02-19,19,17,0.0,7.3,4,33,12:45 AM,12:13 PM,06:52 AM,06:22 PM,15,18,18,18,22,75,82,0.7,1018,19,9,76,16,hongkong
2017-02-20,22,18,0.0,10.2,4,25,01:35 AM,12:57 PM,06:52 AM,06:23 PM,18,21,21,21,11,57,86,0.1,1014,22,10,84,8,hongkong
2017-02-21,21,18,0.0,5.9,4,18,02:25 AM,01:43 PM,06:51 AM,06:23 PM,17,20,20,20,30,80,88,2.2,1017,21,9,84,22,hongkong
2017-02-22,22,18,0.0,5.9,4,10,03:15 AM,02:31 PM,06:50 AM,06:24 PM,18,20,21,20,17,86,90,5.3,1015,22,10,87,12,hongkong
2017-02-23,20,13,0.0,5.9,4,3,04:03 AM,03:23 PM,06:49 AM,06:24 PM,15,17,18,17,21,99,83,1.7,1018,20,8,192,16,hongkong
2017-02-24,12,11,0.0,5.9,3,0,04:51 AM,04:17 PM,06:49 AM,06:25 PM,8,10,12,10,23,100,79,1.5,1023,12,7,16,18,hongkong
2017-02-25,13,11,0.0,5.9,3,0,05:38 AM,05:13 PM,06:48 AM,06:25 PM,8,10,12,10,19,100,78,1.1,1022,13,10,100,16,hongkong
2017-02-26,18,11,0.0,10.2,4,0,06:22 AM,06:10 PM,06:47 AM,06:26 PM,9,14,15,14,17,58,70,0.9,1021,18,10,79,14,hongkong
2017-02-27,19,16,0.0,8.8,4,5,07:07 AM,07:09 PM,06:46 AM,06:26 PM,11,17,17,17,22,64,66,0.0,1022,19,10,72,17,hongkong
2017-02-28,20,16,0.0,11.6,5,12,07:50 AM,08:07 PM,06:45 AM,06:26 PM,11,18,18,18,20,29,63,0.0,1020,20,10,81,15,hongkong
2017-03-01,21,17,0.0,8.8,5,19,08:33 AM,09:07 PM,06:45 AM,06:27 PM,13,19,20,19,16,56,67,0.0,1020,21,10,183,11,hongkong
2017-03-02,21,17,0.0,11.6,5,26,09:17 AM,10:07 PM,06:44 AM,06:27 PM,9,20,20,20,21,2,52,0.0,1019,21,10,95,16,hongkong
2017-03-03,19,16,0.0,11.6,5,34,10:03 AM,11:08 PM,06:43 AM,06:28 PM,12,18,18,18,21,25,69,0.0,1016,19,10,86,16,hongkong
2017-03-04,21,17,0.0,10.2,5,41,10:51 AM,No moonset,06:42 AM,06:28 PM,16,19,20,19,19,49,82,0.1,1014,21,10,85,14,hongkong
2017-03-05,22,18,0.0,5.9,5,48,11:42 AM,12:09 AM,06:41 AM,06:29 PM,19,21,22,21,12,70,89,0.2,1012,22,9,104,9,hongkong
2017-03-06,22,19,0.0,7.4,5,55,12:35 PM,01:10 AM,06:40 AM,06:29 PM,17,21,22,21,12,67,77,0.0,1014,22,10,155,9,hongkong
2017-03-07,19,17,0.0,6.0,4,63,01:32 PM,02:09 AM,06:39 AM,06:29 PM,14,18,18,18,23,92,74,0.4,1017,19,9,71,18,hongkong
2017-03-08,17,16,0.0,6.0,4,70,02:30 PM,03:05 AM,06:39 AM,06:30 PM,13,16,16,16,20,96,78,2.6,1018,17,9,48,16,hongkong
2017-03-09,18,16,0.0,6.0,4,77,03:29 PM,03:58 AM,06:38 AM,06:30 PM,13,17,17,17,25,98,78,0.4,1016,18,9,76,19,hongkong
2017-03-10,21,18,0.0,6.0,4,85,04:27 PM,04:47 AM,06:37 AM,06:31 PM,18,20,20,20,20,96,91,1.2,1013,21,9,105,14,hongkong
2017-03-11,19,18,0.0,6.0,4,92,05:24 PM,05:33 AM,06:36 AM,06:31 PM,16,18,18,18,26,100,88,1.0,1015,19,9,85,19,hongkong
2017-03-12,21,18,0.0,10.2,5,99,06:18 PM,06:15 AM,06:35 AM,06:31 PM,18,20,21,20,21,69,88,0.1,1014,21,10,98,15,hongkong
2017-03-13,24,19,0.0,8.8,6,100,07:12 PM,06:56 AM,06:34 AM,06:32 PM,20,22,24,22,13,56,87,0.0,1012,24,9,143,9,hongkong
2017-03-14,21,18,0.0,6.0,4,86,08:04 PM,07:34 AM,06:33 AM,06:32 PM,17,20,21,20,20,88,85,1.3,1016,21,10,83,15,hongkong
2017-03-15,18,17,0.0,6.0,4,79,08:56 PM,08:12 AM,06:32 AM,06:32 PM,14,18,18,18,29,94,78,0.3,1018,18,9,76,23,hongkong
2017-03-16,20,17,0.0,6.0,4,72,09:47 PM,08:50 AM,06:31 AM,06:33 PM,15,18,18,18,22,92,83,0.8,1017,20,10,69,17,hongkong
2017-03-17,21,18,0.0,6.0,4,65,10:36 PM,09:29 AM,06:30 AM,06:33 PM,17,19,19,19,24,90,84,0.0,1017,21,10,77,18,hongkong
2017-03-18,22,19,0.0,6.0,5,57,11:27 PM,10:08 AM,06:29 AM,06:34 PM,18,21,21,21,24,84,84,1.3,1018,22,10,83,18,hongkong
2017-03-19,20,20,0.0,6.0,5,50,No moonrise,10:51 AM,06:28 AM,06:34 PM,19,20,20,20,23,88,92,6.7,1017,20,9,84,16,hongkong
2017-03-20,24,20,0.0,11.6,6,43,12:16 AM,11:35 AM,06:27 AM,06:34 PM,20,22,23,22,15,64,88,0.0,1015,24,10,99,11,hongkong
2017-03-21,25,21,0.0,11.6,6,35,01:06 AM,12:22 PM,06:27 AM,06:35 PM,20,25,25,23,15,55,84,0.1,1015,25,10,87,11,hongkong
2017-03-22,21,19,0.0,6.0,4,28,01:55 AM,01:12 PM,06:26 AM,06:35 PM,18,20,20,20,27,95,87,0.4,1014,21,9,87,19,hongkong
2017-03-23,23,20,0.0,11.6,6,21,02:42 AM,02:04 PM,06:25 AM,06:35 PM,19,22,23,22,16,50,86,0.0,1015,23,10,88,12,hongkong
2017-03-24,23,20,0.0,11.6,6,14,03:28 AM,02:58 PM,06:24 AM,06:36 PM,19,22,23,22,21,36,86,0.0,1016,23,10,99,16,hongkong
2017-03-25,21,16,0.0,6.1,4,6,04:13 AM,03:55 PM,06:23 AM,06:36 PM,17,20,21,20,18,84,84,1.1,1018,21,10,32,14,hongkong
2017-03-26,17,15,0.0,8.8,4,0,04:58 AM,04:53 PM,06:22 AM,06:36 PM,10,15,16,15,23,73,72,3.5,1022,17,10,30,18,hongkong
2017-03-27,22,16,0.0,10.2,5,0,05:42 AM,05:52 PM,06:21 AM,06:37 PM,11,19,20,19,25,26,61,0.0,1022,22,10,74,18,hongkong
2017-03-28,23,19,0.0,6.1,5,1,06:25 AM,06:52 PM,06:20 AM,06:37 PM,18,21,22,21,25,71,82,0.2,1019,23,10,88,18,hongkong
2017-03-29,23,20,0.0,6.1,5,8,07:10 AM,07:54 PM,06:19 AM,06:37 PM,19,21,23,21,23,85,88,0.4,1018,23,9,79,16,hongkong
2017-03-30,24,20,0.0,6.1,5,15,07:56 AM,08:57 PM,06:18 AM,06:38 PM,20,22,24,22,20,84,89,0.1,1017,24,9,95,15,hongkong
2017-03-31,24,17,0.0,7.5,5,19,08:45 AM,10:00 PM,06:17 AM,06:38 PM,18,22,23,22,19,84,82,4.1,1016,24,6,90,14,hongkong
2017-04-01,21,16,0.0,11.6,5,31,09:36 AM,11:03 PM,06:16 AM,06:38 PM,14,21,21,21,17,9,65,0.0,1020,21,10,58,14,hongkong
2017-04-02,21,18,0.0,11.6,5,38,10:30 AM,No moonset,06:15 AM,06:39 PM,14,21,22,21,20,4,65,0.0,1021,21,10,82,16,hongkong
2017-04-03,22,18,0.0,11.6,6,46,11:27 AM,12:04 AM,06:14 AM,06:39 PM,15,20,22,20,25,16,70,0.0,1020,22,10,88,19,hongkong
2017-04-04,23,19,0.0,11.6,6,54,12:25 PM,01:02 AM,06:13 AM,06:39 PM,18,21,22,21,22,49,81,0.0,1018,23,10,89,16,hongkong
2017-04-05,24,21,0.0,10.2,6,61,01:24 PM,01:56 AM,06:12 AM,06:40 PM,20,25,25,23,17,66,86,0.3,1015,24,10,86,12,hongkong
2017-04-06,24,22,0.0,6.1,5,69,02:21 PM,02:46 AM,06:12 AM,06:40 PM,22,25,25,23,14,91,92,2.1,1013,24,6,102,10,hongkong
2017-04-07,26,21,0.0,11.6,6,76,03:17 PM,03:32 AM,06:11 AM,06:40 PM,22,27,27,24,9,38,86,0.0,1012,26,8,140,7,hongkong
2017-04-08,26,23,0.0,11.6,6,84,04:12 PM,04:14 AM,06:10 AM,06:41 PM,22,28,28,25,11,23,84,0.0,1012,26,10,158,9,hongkong
2017-04-09,26,23,0.0,8.9,6,91,05:05 PM,04:54 AM,06:09 AM,06:41 PM,23,28,28,25,16,48,87,0.1,1010,26,10,174,12,hongkong
2017-04-10,25,24,0.0,6.2,5,99,05:57 PM,05:32 AM,06:08 AM,06:42 PM,23,27,27,24,23,90,93,0.5,1007,25,6,188,15,hongkong
2017-04-11,26,24,0.0,6.2,5,100,06:48 PM,06:09 AM,06:07 AM,06:42 PM,24,28,28,25,15,95,92,0.9,1008,26,7,218,10,hongkong
2017-04-12,21,20,0.0,6.2,5,86,07:39 PM,06:47 AM,06:06 AM,06:42 PM,16,20,21,20,21,98,78,2.4,1014,21,10,32,16,hongkong
2017-04-13,21,18,0.0,6.2,4,79,08:29 PM,07:25 AM,06:05 AM,06:43 PM,15,20,20,20,18,97,75,0.0,1018,21,10,55,14,hongkong
2017-04-14,23,20,0.0,8.9,5,71,09:20 PM,08:05 AM,06:05 AM,06:43 PM,18,22,24,22,13,69,77,0.0,1015,23,10,92,10,hongkong
2017-04-15,25,22,0.0,11.6,6,63,10:10 PM,08:46 AM,06:04 AM,06:43 PM,21,26,26,24,13,62,88,0.0,1014,25,10,96,9,hongkong
2017-04-16,26,22,0.0,11.6,6,56,10:59 PM,09:30 AM,06:03 AM,06:44 PM,22,27,27,25,11,31,84,0.0,1013,26,9,114,9,hongkong
2017-04-17,27,22,0.0,11.6,6,48,11:48 PM,10:15 AM,06:02 AM,06:44 PM,22,29,29,26,9,10,80,0.0,1011,27,10,220,7,hongkong
2017-04-18,28,23,0.0,11.6,7,41,No moonrise,11:04 AM,06:01 AM,06:44 PM,22,30,30,27,14,8,75,0.0,1009,28,10,237,11,hongkong
2017-04-19,28,24,0.0,12.5,7,33,12:35 AM,11:54 AM,06:00 AM,06:45 PM,23,29,29,26,16,15,80,0.0,1009,28,10,204,13,hongkong
2017-04-20,28,24,0.0,12.5,7,26,01:21 AM,12:46 PM,06:00 AM,06:45 PM,23,29,29,26,18,38,84,1.0,1010,28,10,160,13,hongkong
2017-04-21,28,24,0.0,12.9,6,18,02:06 AM,01:41 PM,05:59 AM,06:46 PM,24,30,30,26,21,29,85,6.0,1009,28,8,223,14,hongkong
2017-04-22,22,20,0.0,8.1,5,11,02:49 AM,02:36 PM,05:58 AM,06:46 PM,16,21,23,21,19,70,73,0.7,1013,22,9,75,15,hongkong
2017-04-23,23,20,0.0,8.1,5,3,03:32 AM,03:34 PM,05:57 AM,06:46 PM,18,22,24,22,16,92,78,3.2,1014,23,9,79,13,hongkong
2017-04-24,23,21,0.0,8.1,5,0,04:15 AM,04:33 PM,05:57 AM,06:47 PM,19,22,25,22,23,93,84,4.5,1014,23,10,84,17,hongkong
2017-04-25,25,22,0.0,10.6,5,0,04:59 AM,05:35 PM,05:56 AM,06:47 PM,21,26,26,24,22,68,88,4.5,1012,25,10,103,16,hongkong
2017-04-26,27,23,0.0,12.9,6,0,05:45 AM,06:38 PM,05:55 AM,06:48 PM,23,28,28,25,12,38,86,1.0,1011,27,10,119,9,hongkong
2017-04-27,24,20,0.0,8.1,5,4,06:33 AM,07:43 PM,05:54 AM,06:48 PM,20,24,24,22,21,76,85,9.3,1013,24,8,69,14,hongkong
2017-04-28,23,19,0.0,12.9,6,12,07:24 AM,08:48 PM,05:54 AM,06:48 PM,17,22,23,22,12,43,74,0.1,1015,23,10,71,10,hongkong
2017-04-29,25,20,0.0,13.0,6,19,08:19 AM,09:53 PM,05:53 AM,06:49 PM,18,26,26,24,8,6,70,0.0,1014,25,10,122,7,hongkong
2017-04-30,25,21,0.0,13.0,6,27,09:17 AM,10:54 PM,05:52 AM,06:49 PM,19,26,26,24,9,14,70,0.0,1013,25,10,134,7,hongkong
2017-05-01,26,22,0.0,13.0,6,33,10:17 AM,11:52 PM,05:52 AM,06:50 PM,21,27,27,25,12,29,79,0.0,1013,26,10,115,9,hongkong
2017-05-02,26,23,0.0,11.9,6,40,11:17 AM,No moonset,05:51 AM,06:50 PM,23,28,28,25,14,54,87,1.8,1012,26,9,135,10,hongkong
2017-05-03,27,24,0.0,10.7,6,48,12:16 PM,12:44 AM,05:50 AM,06:51 PM,24,29,29,26,17,66,89,0.2,1012,27,8,150,12,hongkong
2017-05-04,25,23,0.0,10.7,5,55,01:13 PM,01:32 AM,05:50 AM,06:51 PM,24,28,28,25,10,68,93,5.1,1012,25,10,172,7,hongkong
2017-05-05,27,23,0.0,12.0,7,62,02:08 PM,02:15 AM,05:49 AM,06:51 PM,23,29,29,26,7,44,85,3.5,1014,27,10,279,5,hongkong
2017-05-06,28,24,0.0,13.0,7,70,03:01 PM,02:55 AM,05:49 AM,06:52 PM,23,30,30,27,9,24,79,0.3,1015,28,10,191,7,hongkong
2017-05-07,27,24,0.0,13.0,7,77,03:53 PM,03:33 AM,05:48 AM,06:52 PM,23,28,28,26,20,33,86,2.7,1014,27,10,99,15,hongkong
2017-05-08,27,24,0.0,13.1,7,84,04:44 PM,04:10 AM,05:47 AM,06:53 PM,23,29,29,26,15,53,87,4.9,1012,27,10,123,12,hongkong
2017-05-09,27,24,0.0,13.1,7,91,05:35 PM,04:47 AM,05:47 AM,06:53 PM,23,29,29,26,7,46,84,0.4,1012,27,9,277,5,hongkong
2017-05-10,28,25,0.0,13.1,7,99,06:24 PM,05:25 AM,05:46 AM,06:54 PM,23,30,30,27,9,19,79,0.0,1014,28,10,200,7,hongkong
2017-05-11,28,24,0.0,13.1,7,100,07:15 PM,06:03 AM,05:46 AM,06:54 PM,23,30,30,26,13,33,83,0.0,1014,28,10,99,10,hongkong
2017-05-12,28,25,0.0,12.0,7,87,08:05 PM,06:43 AM,05:45 AM,06:55 PM,24,30,30,27,8,57,83,0.1,1011,28,9,232,6,hongkong
2017-05-13,26,24,0.0,9.5,5,80,08:55 PM,07:27 AM,05:45 AM,06:55 PM,23,28,28,26,8,61,85,4.4,1010,26,10,223,6,hongkong
2017-05-14,28,23,0.0,13.1,7,72,09:44 PM,08:11 AM,05:44 AM,06:56 PM,23,29,29,26,9,38,82,0.2,1010,28,10,124,7,hongkong
2017-05-15,27,24,0.0,9.5,6,65,10:31 PM,08:59 AM,05:44 AM,06:56 PM,23,29,29,26,13,67,87,5.6,1009,27,10,104,9,hongkong
2017-05-16,26,24,0.0,10.7,5,58,11:18 PM,09:48 AM,05:44 AM,06:56 PM,22,28,28,25,20,64,83,14.8,1008,26,9,97,13,hongkong
2017-05-17,27,23,0.0,13.1,6,50,No moonrise,10:39 AM,05:43 AM,06:57 PM,21,28,28,26,11,18,75,0.0,1010,27,10,92,9,hongkong
2017-05-18,26,24,0.0,13.1,6,43,12:02 AM,11:32 AM,05:43 AM,06:57 PM,20,27,27,25,25,51,76,0.3,1012,26,9,79,17,hongkong
2017-05-19,25,23,0.0,8.2,5,36,12:45 AM,12:25 PM,05:42 AM,06:58 PM,21,26,26,24,24,84,81,3.3,1011,25,9,56,16,hongkong
2017-05-20,25,23,0.0,8.2,5,29,01:27 AM,01:20 PM,05:42 AM,06:58 PM,21,26,26,24,21,96,83,0.5,1009,25,9,70,16,hongkong
2017-05-21,27,24,0.0,8.2,6,21,02:08 AM,02:17 PM,05:42 AM,06:59 PM,22,28,28,25,28,86,84,1.1,1007,27,10,88,21,hongkong
2017-05-22,27,24,0.0,8.2,6,14,02:50 AM,03:16 PM,05:41 AM,06:59 PM,23,28,28,26,26,80,86,0.2,1008,27,10,90,19,hongkong
2017-05-23,28,25,0.0,13.6,7,7,03:34 AM,04:17 PM,05:41 AM,07:00 PM,24,30,30,27,14,37,86,0.1,1008,28,10,101,10,hongkong
2017-05-24,27,24,0.0,9.7,6,0,04:19 AM,05:21 PM,05:41 AM,07:00 PM,24,30,30,26,10,65,89,9.5,1007,27,9,240,7,hongkong
2017-05-25,27,23,0.0,10.9,6,0,05:09 AM,06:26 PM,05:41 AM,07:01 PM,21,28,28,26,13,60,78,0.6,1009,27,10,137,9,hongkong
2017-05-26,26,24,0.0,10.9,5,0,06:02 AM,07:33 PM,05:40 AM,07:01 PM,22,27,27,25,13,73,82,0.3,1010,26,9,66,10,hongkong
2017-05-27,28,24,0.0,13.6,7,8,07:00 AM,08:37 PM,05:40 AM,07:01 PM,19,27,27,26,16,37,69,0.0,1010,28,10,74,12,hongkong
2017-05-28,28,23,0.0,13.6,7,15,08:01 AM,09:39 PM,05:40 AM,07:02 PM,20,28,28,26,18,27,74,0.0,1009,28,10,85,13,hongkong
2017-05-29,27,23,0.0,13.6,7,22,09:04 AM,10:36 PM,05:40 AM,07:02 PM,21,28,28,25,19,31,79,0.0,1010,27,10,87,15,hongkong
2017-05-30,28,24,0.0,12.1,7,29,10:05 AM,11:27 PM,05:40 AM,07:03 PM,23,29,29,26,13,56,86,0.0,1009,28,10,101,10,hongkong
2017-05-31,29,24,0.0,13.6,7,33,11:05 AM,No moonset,05:39 AM,07:03 PM,24,32,32,27,10,28,85,0.4,1006,29,9,177,7,hongkong
2017-06-01,29,26,0.0,13.7,7,46,12:02 PM,12:13 AM,05:39 AM,07:04 PM,25,33,33,28,26,36,88,4.9,1003,29,7,215,17,hongkong
2017-06-02,30,27,0.0,13.7,7,53,12:57 PM,12:55 AM,05:39 AM,07:04 PM,26,34,34,28,28,37,88,5.5,1003,30,8,209,17,hongkong
2017-06-03,31,27,0.0,13.7,7,61,01:50 PM,01:35 AM,05:39 AM,07:04 PM,26,36,36,29,24,28,87,5.8,1003,31,9,205,16,hongkong
2017-06-04,30,27,0.0,13.7,7,68,02:41 PM,02:12 AM,05:39 AM,07:05 PM,27,36,36,29,19,32,89,3.3,1004,30,9,173,13,hongkong
2017-06-05,30,27,0.0,13.3,7,76,03:31 PM,02:49 AM,05:39 AM,07:05 PM,27,36,36,29,19,38,88,1.3,1006,30,9,147,14,hongkong
2017-06-06,30,27,0.0,13.7,7,83,04:21 PM,03:26 AM,05:39 AM,07:06 PM,26,36,36,29,15,25,86,0.5,1009,30,9,139,11,hongkong
2017-06-07,30,27,0.0,13.7,7,91,05:11 PM,04:03 AM,05:39 AM,07:06 PM,26,36,36,29,11,19,83,2.1,1010,30,10,142,8,hongkong
2017-06-08,30,27,0.0,13.7,7,98,06:01 PM,04:43 AM,05:39 AM,07:06 PM,26,36,36,29,13,15,80,2.4,1010,30,10,125,10,hongkong
2017-06-09,30,27,0.0,13.7,7,100,06:51 PM,05:25 AM,05:39 AM,07:07 PM,26,35,35,29,17,29,83,1.7,1009,30,10,117,13,hongkong
2017-06-10,30,27,0.0,13.7,7,87,07:41 PM,06:09 AM,05:39 AM,07:07 PM,26,35,35,29,12,37,83,0.3,1008,30,10,147,9,hongkong
2017-06-11,31,27,0.0,13.7,7,79,08:29 PM,06:55 AM,05:39 AM,07:07 PM,26,37,37,30,8,14,82,0.0,1007,31,10,136,7,hongkong
2017-06-12,30,27,0.0,9.7,6,71,09:16 PM,07:44 AM,05:39 AM,07:08 PM,25,34,34,28,43,64,81,13.2,1003,30,9,86,29,hongkong
2017-06-13,28,27,0.0,9.7,6,64,10:01 PM,08:35 AM,05:39 AM,07:08 PM,25,32,32,28,38,88,86,58.6,1006,28,8,214,23,hongkong
2017-06-14,30,27,0.0,13.3,7,56,10:44 PM,09:27 AM,05:39 AM,07:08 PM,25,35,35,29,24,53,82,13.7,1009,30,9,212,15,hongkong
2017-06-15,30,27,0.0,13.3,7,49,11:26 PM,10:19 AM,05:39 AM,07:09 PM,26,35,35,29,25,54,85,7.7,1008,30,10,210,17,hongkong
2017-06-16,29,28,0.0,13.7,7,41,No moonrise,11:13 AM,05:40 AM,07:09 PM,26,34,34,28,33,41,86,16.6,1005,29,9,217,20,hongkong
2017-06-17,27,25,0.0,9.7,6,34,12:06 AM,12:07 PM,05:40 AM,07:09 PM,25,31,31,27,9,83,88,20.5,1004,27,9,244,6,hongkong
2017-06-18,28,26,0.0,9.8,6,26,12:46 AM,01:04 PM,05:40 AM,07:10 PM,25,31,31,27,18,66,88,24.8,1005,28,8,210,11,hongkong
2017-06-19,29,27,0.0,12.1,7,19,01:28 AM,02:02 PM,05:40 AM,07:10 PM,25,32,32,27,21,70,86,20.0,1005,29,8,211,13,hongkong
2017-06-20,29,26,0.0,13.3,7,11,02:10 AM,03:02 PM,05:40 AM,07:10 PM,25,33,33,28,23,52,83,10.0,1005,29,9,209,15,hongkong
2017-06-21,29,27,0.0,13.3,7,4,02:56 AM,04:05 PM,05:40 AM,07:10 PM,25,33,33,28,26,47,84,3.1,1005,29,10,195,17,hongkong
2017-06-22,29,27,0.0,12.1,7,0,03:47 AM,05:10 PM,05:41 AM,07:11 PM,26,34,34,28,20,57,87,0.0,1008,29,10,177,15,hongkong
2017-06-23,30,27,0.0,13.7,7,0,04:41 AM,06:16 PM,05:41 AM,07:11 PM,26,35,35,29,17,37,86,0.7,1008,30,10,171,13,hongkong
2017-06-24,29,27,0.0,13.7,7,0,05:41 AM,07:20 PM,05:41 AM,07:11 PM,26,35,35,29,17,29,86,2.9,1006,29,10,194,13,hongkong
2017-06-25,30,27,0.0,13.7,7,4,06:43 AM,08:20 PM,05:41 AM,07:11 PM,26,34,34,29,21,21,83,5.5,1007,30,9,202,15,hongkong
2017-06-26,30,27,0.0,13.3,6,11,07:47 AM,09:16 PM,05:42 AM,07:11 PM,26,35,35,29,20,46,88,1.3,1009,30,10,211,14,hongkong
2017-06-27,30,27,0.0,13.7,7,19,08:50 AM,10:06 PM,05:42 AM,07:11 PM,26,36,36,29,17,31,86,0.2,1010,30,10,207,13,hongkong
2017-06-28,30,27,0.0,13.3,7,26,09:51 AM,10:52 PM,05:42 AM,07:11 PM,26,36,36,29,13,30,85,0.1,1010,30,10,204,10,hongkong
2017-06-29,30,27,0.0,13.7,7,34,10:48 AM,11:33 PM,05:43 AM,07:12 PM,26,36,36,29,10,15,81,0.5,1010,30,10,199,8,hongkong
2017-06-30,30,27,0.0,13.7,7,42,11:43 AM,No moonset,05:43 AM,07:12 PM,25,35,35,30,9,16,77,0.0,1008,30,10,166,8,hongkong
2017-07-01,30,27,0.0,13.3,7,47,12:35 PM,12:12 AM,05:43 AM,07:12 PM,25,34,34,29,18,42,78,0.5,1006,30,10,199,14,hongkong
2017-07-02,30,28,0.0,13.7,7,55,01:27 PM,12:49 AM,05:44 AM,07:12 PM,25,34,34,29,27,28,80,8.3,1006,30,9,186,18,hongkong
2017-07-03,29,28,0.0,13.7,7,62,02:17 PM,01:26 AM,05:44 AM,07:12 PM,25,34,34,29,22,29,79,6.8,1007,29,9,183,15,hongkong
2017-07-04,30,27,0.0,13.7,7,69,03:07 PM,02:04 AM,05:44 AM,07:12 PM,25,35,35,29,14,23,77,7.2,1008,30,9,153,9,hongkong
2017-07-05,30,27,0.0,13.7,7,76,03:57 PM,02:42 AM,05:45 AM,07:12 PM,25,34,34,29,24,28,78,3.1,1009,30,10,98,17,hongkong
2017-07-06,30,27,0.0,13.3,7,84,04:47 PM,03:24 AM,05:45 AM,07:12 PM,25,34,34,29,23,45,81,2.5,1008,30,10,121,17,hongkong
2017-07-07,29,27,0.0,13.3,7,91,05:37 PM,04:06 AM,05:45 AM,07:12 PM,25,33,33,28,26,43,82,11.6,1008,29,9,170,17,hongkong
2017-07-08,29,27,0.0,9.7,6,98,06:26 PM,04:52 AM,05:46 AM,07:12 PM,25,32,32,28,26,74,85,26.1,1010,29,8,171,15,hongkong
2017-07-09,30,27,0.0,13.7,7,100,07:14 PM,05:41 AM,05:46 AM,07:11 PM,26,34,34,28,19,36,85,2.8,1010,30,10,177,14,hongkong
2017-07-10,30,27,0.0,13.7,7,87,08:00 PM,06:31 AM,05:46 AM,07:11 PM,26,35,35,29,15,40,83,1.5,1009,30,10,183,11,hongkong
2017-07-11,30,27,0.0,13.6,7,80,08:44 PM,07:23 AM,05:47 AM,07:11 PM,26,36,36,30,10,14,81,0.1,1010,30,10,137,8,hongkong
2017-07-12,30,27,0.0,13.6,7,73,09:26 PM,08:15 AM,05:47 AM,07:11 PM,26,36,36,29,14,15,80,6.5,1011,30,10,97,10,hongkong
2017-07-13,31,27,0.0,13.6,7,65,10:06 PM,09:09 AM,05:48 AM,07:11 PM,26,36,36,29,15,24,82,0.4,1009,31,10,90,12,hongkong
2017-07-14,31,27,0.0,13.6,7,58,10:46 PM,10:03 AM,05:48 AM,07:11 PM,25,35,35,29,21,23,81,1.4,1007,31,10,100,16,hongkong
2017-07-15,30,27,0.0,13.6,7,51,11:27 PM,10:58 AM,05:48 AM,07:11 PM,24,34,34,29,29,21,77,2.7,1007,30,10,96,21,hongkong
2017-07-16,30,27,0.0,13.6,7,44,No moonrise,11:54 AM,05:49 AM,07:10 PM,24,33,33,28,39,32,79,18.1,1008,30,8,99,24,hongkong
2017-07-17,29,27,0.0,12.1,7,36,12:07 AM,12:51 PM,05:49 AM,07:10 PM,24,32,32,28,32,51,81,24.5,1008,29,8,112,19,hongkong
2017-07-18,28,26,0.0,9.7,6,29,12:51 AM,01:51 PM,05:50 AM,07:10 PM,24,31,31,27,24,72,83,12.8,1011,28,9,121,16,hongkong
2017-07-19,29,26,0.0,12.1,7,22,01:38 AM,02:53 PM,05:50 AM,07:10 PM,25,33,33,28,14,48,83,1.4,1010,29,10,103,10,hongkong
2017-07-20,30,27,0.0,13.3,6,15,02:28 AM,03:57 PM,05:50 AM,07:09 PM,25,35,35,29,16,36,79,3.0,1009,30,10,96,13,hongkong
2017-07-21,31,28,0.0,13.6,7,7,03:24 AM,05:01 PM,05:51 AM,07:09 PM,25,35,35,29,19,31,78,2.6,1009,31,10,87,15,hongkong
2017-07-22,32,28,0.0,13.6,7,0,04:24 AM,06:02 PM,05:51 AM,07:09 PM,25,36,36,30,14,25,73,3.2,1009,32,10,111,11,hongkong
2017-07-23,28,28,0.0,8.5,6,0,05:27 AM,07:01 PM,05:52 AM,07:08 PM,25,33,33,28,18,74,80,6.7,1006,28,10,63,13,hongkong
2017-07-24,30,27,0.0,13.3,7,0,06:30 AM,07:54 PM,05:52 AM,07:08 PM,25,35,35,29,15,39,78,0.1,1005,30,10,104,12,hongkong
2017-07-25,31,28,0.0,13.5,7,7,07:33 AM,08:42 PM,05:53 AM,07:07 PM,26,38,38,31,11,21,76,0.2,1005,31,10,114,10,hongkong
2017-07-26,32,28,0.0,13.5,7,14,08:33 AM,09:27 PM,05:53 AM,07:07 PM,26,39,39,32,9,8,73,0.0,1004,32,10,89,8,hongkong
2017-07-27,31,28,0.0,13.5,7,22,09:31 AM,10:08 PM,05:53 AM,07:07 PM,25,36,36,30,22,22,73,4.2,1003,31,10,65,17,hongkong
2017-07-28,33,28,0.0,13.5,8,29,10:25 AM,10:47 PM,05:54 AM,07:06 PM,25,38,38,31,15,20,71,0.0,1004,33,10,79,12,hongkong
2017-07-29,34,29,0.0,13.5,8,36,11:19 AM,11:25 PM,05:54 AM,07:06 PM,26,40,40,32,11,33,69,0.5,1000,34,10,183,9,hongkong
2017-07-30,35,31,0.0,13.5,8,43,12:10 PM,No moonset,05:55 AM,07:05 PM,26,42,42,33,23,21,66,1.5,996,35,10,268,16,hongkong
2017-07-31,32,29,0.0,13.5,8,47,01:01 PM,12:02 AM,05:55 AM,07:05 PM,26,38,38,31,36,16,77,19.9,998,32,8,231,22,hongkong
2017-08-01,32,28,0.0,13.5,7,58,01:51 PM,12:41 AM,05:55 AM,07:04 PM,26,38,38,30,21,24,78,3.3,1001,32,10,208,16,hongkong
2017-08-02,31,29,0.0,13.5,8,65,02:41 PM,01:21 AM,05:56 AM,07:04 PM,26,38,38,31,13,33,76,2.5,1002,31,10,197,10,hongkong
2017-08-03,32,28,0.0,13.3,7,73,03:32 PM,02:03 AM,05:56 AM,07:03 PM,25,37,37,30,12,44,76,3.7,1001,32,10,183,10,hongkong
2017-08-04,31,28,0.0,13.5,7,80,04:21 PM,02:48 AM,05:57 AM,07:02 PM,25,36,36,30,12,34,76,2.2,1003,31,10,157,10,hongkong
2017-08-05,32,29,0.0,13.5,8,87,05:09 PM,03:36 AM,05:57 AM,07:02 PM,26,38,38,31,12,18,73,2.8,1006,32,10,160,10,hongkong
2017-08-06,32,29,0.0,13.4,8,94,05:56 PM,04:25 AM,05:57 AM,07:01 PM,25,39,39,31,12,25,71,0.5,1006,32,10,224,10,hongkong
2017-08-07,33,30,0.0,13.4,7,100,06:41 PM,05:17 AM,05:58 AM,07:01 PM,26,39,39,31,18,18,72,1.1,1006,33,10,220,14,hongkong
2017-08-08,32,29,0.0,13.4,8,100,07:25 PM,06:10 AM,05:58 AM,07:00 PM,26,38,38,31,21,20,75,0.7,1007,32,10,214,17,hongkong
2017-08-09,31,29,0.0,13.0,8,84,08:06 PM,07:04 AM,05:58 AM,06:59 PM,26,38,38,30,23,26,76,3.2,1006,31,10,217,18,hongkong
2017-08-10,31,29,0.0,13.0,7,77,08:47 PM,07:59 AM,05:59 AM,06:58 PM,26,38,38,30,27,22,78,20.4,1006,31,8,210,17,hongkong
2017-08-11,31,29,0.0,13.0,7,69,09:27 PM,08:54 AM,05:59 AM,06:58 PM,26,38,38,30,20,30,80,1.7,1008,31,10,195,16,hongkong
2017-08-12,31,29,0.0,12.6,7,62,10:08 PM,09:50 AM,06:00 AM,06:57 PM,26,37,37,30,22,30,78,0.7,1008,31,10,194,17,hongkong
2017-08-13,31,29,0.0,12.6,7,55,10:50 PM,10:46 AM,06:00 AM,06:56 PM,26,37,37,30,18,38,76,0.2,1009,31,10,199,15,hongkong
2017-08-14,32,29,0.0,12.6,7,47,11:35 PM,11:45 AM,06:00 AM,06:56 PM,26,37,37,30,17,36,75,0.2,1009,32,10,204,14,hongkong
2017-08-15,32,29,0.0,11.6,8,40,No moonrise,12:44 PM,06:01 AM,06:55 PM,26,39,39,31,15,19,72,0.5,1008,32,10,211,13,hongkong
2017-08-16,31,29,0.0,11.6,8,33,12:22 AM,01:46 PM,06:01 AM,06:54 PM,25,37,37,31,10,22,69,2.1,1008,31,10,217,8,hongkong
2017-08-17,32,29,0.0,11.6,8,26,01:15 AM,02:47 PM,06:01 AM,06:53 PM,24,37,37,31,9,18,66,0.0,1009,32,10,205,8,hongkong
2017-08-18,32,29,0.0,11.6,8,18,02:11 AM,03:48 PM,06:02 AM,06:53 PM,26,41,41,33,6,5,67,0.0,1010,32,10,181,5,hongkong
2017-08-19,32,29,0.0,11.6,8,11,03:11 AM,04:46 PM,06:02 AM,06:52 PM,25,40,40,33,7,8,65,0.0,1010,32,10,174,6,hongkong
2017-08-20,33,29,0.0,11.6,8,4,04:12 AM,05:41 PM,06:02 AM,06:51 PM,26,40,40,32,11,7,68,0.0,1007,33,10,228,9,hongkong
2017-08-21,35,30,0.0,11.6,8,0,05:15 AM,06:31 PM,06:03 AM,06:50 PM,26,43,43,34,14,6,66,0.0,1003,35,10,249,11,hongkong
2017-08-22,35,29,0.0,11.6,8,0,06:16 AM,07:18 PM,06:03 AM,06:49 PM,25,41,41,33,17,29,66,1.1,1000,35,10,175,13,hongkong
2017-08-23,30,28,0.0,6.2,6,3,07:16 AM,08:01 PM,06:03 AM,06:48 PM,25,34,34,29,64,85,78,42.9,996,30,8,148,42,hongkong
2017-08-24,31,29,0.0,11.6,7,10,08:12 AM,08:41 PM,06:04 AM,06:47 PM,25,36,36,30,24,30,75,5.4,1008,31,10,142,18,hongkong
2017-08-25,31,29,0.0,10.3,6,18,09:07 AM,09:20 PM,06:04 AM,06:47 PM,25,36,36,30,15,46,73,8.4,1008,31,10,93,11,hongkong
2017-08-26,32,28,0.0,10.3,7,25,10:00 AM,09:58 PM,06:04 AM,06:46 PM,24,36,36,31,19,27,69,0.8,1006,32,10,70,15,hongkong
2017-08-27,28,28,0.0,6.2,6,32,10:52 AM,10:37 PM,06:05 AM,06:45 PM,24,32,32,28,68,100,81,26.7,1004,28,9,125,45,hongkong
2017-08-28,28,27,0.0,8.9,6,40,11:43 AM,11:17 PM,06:05 AM,06:44 PM,24,32,32,28,25,65,81,13.2,1010,28,9,153,17,hongkong
2017-08-29,32,27,0.0,11.6,7,47,12:34 PM,11:59 PM,06:05 AM,06:43 PM,24,37,37,31,9,12,70,0.0,1010,32,10,141,7,hongkong
2017-08-30,32,29,0.0,11.6,8,54,01:24 PM,No moonset,06:05 AM,06:42 PM,25,38,38,31,8,22,71,2.8,1008,32,10,144,6,hongkong
2017-08-31,33,28,0.0,11.6,8,58,02:14 PM,12:42 AM,06:06 AM,06:41 PM,25,38,38,31,6,27,71,1.6,1007,33,10,210,5,hongkong
2017-09-01,32,28,0.0,11.6,7,71,03:03 PM,01:29 AM,06:06 AM,06:40 PM,25,37,37,30,7,30,74,4.7,1005,32,10,205,5,hongkong
2017-09-02,30,27,0.0,7.5,6,79,03:50 PM,02:17 AM,06:06 AM,06:39 PM,24,34,34,29,9,66,76,8.0,1005,30,10,267,6,hongkong
2017-09-03,29,28,0.0,7.5,6,86,04:36 PM,03:08 AM,06:07 AM,06:38 PM,24,33,33,28,23,74,79,5.8,1005,29,10,267,15,hongkong
2017-09-04,28,27,0.0,8.9,6,94,05:20 PM,04:01 AM,06:07 AM,06:37 PM,25,32,32,28,30,72,83,21.4,1007,28,9,219,20,hongkong
2017-09-05,30,27,0.0,11.6,6,100,06:03 PM,04:55 AM,06:07 AM,06:36 PM,26,36,36,29,14,28,80,11.3,1009,30,9,178,10,hongkong
2017-09-06,31,28,0.0,11.6,7,100,06:44 PM,05:50 AM,06:07 AM,06:35 PM,26,37,37,30,8,37,77,1.7,1008,31,10,183,7,hongkong
2017-09-07,31,28,0.0,10.2,7,83,07:26 PM,06:46 AM,06:08 AM,06:34 PM,25,36,36,30,8,38,75,2.1,1008,31,10,193,7,hongkong
2017-09-08,30,28,0.0,11.6,7,76,08:07 PM,07:43 AM,06:08 AM,06:34 PM,25,36,36,30,12,25,76,1.0,1009,30,10,169,10,hongkong
2017-09-09,30,28,0.0,11.6,7,68,08:49 PM,08:40 AM,06:08 AM,06:33 PM,25,36,36,30,12,27,78,0.2,1009,30,10,183,10,hongkong
2017-09-10,31,28,0.0,11.6,7,61,09:34 PM,09:39 AM,06:09 AM,06:32 PM,25,36,36,30,10,25,76,0.8,1010,31,10,179,9,hongkong
2017-09-11,32,28,0.0,11.6,7,53,10:20 PM,10:39 AM,06:09 AM,06:31 PM,25,38,38,31,8,18,72,1.6,1010,32,10,224,7,hongkong
2017-09-12,34,29,0.0,11.6,7,46,11:11 PM,11:40 AM,06:09 AM,06:30 PM,26,40,40,32,9,16,71,3.0,1009,34,10,176,7,hongkong
2017-09-13,31,29,0.0,11.6,6,38,No moonrise,12:41 PM,06:09 AM,06:29 PM,25,36,36,30,21,24,74,2.7,1009,31,10,76,16,hongkong
2017-09-14,31,28,0.0,11.6,7,31,12:05 AM,01:41 PM,06:10 AM,06:28 PM,23,34,34,29,25,26,70,0.1,1008,31,10,81,19,hongkong
2017-09-15,32,28,0.0,11.6,7,23,01:02 AM,02:38 PM,06:10 AM,06:27 PM,23,35,35,30,10,35,67,1.7,1009,32,10,149,8,hongkong
2017-09-16,33,29,0.0,11.6,8,16,02:02 AM,03:33 PM,06:10 AM,06:26 PM,24,37,37,32,10,22,63,0.0,1010,33,10,269,8,hongkong
2017-09-17,33,29,0.0,11.6,8,8,03:03 AM,04:23 PM,06:11 AM,06:25 PM,24,38,38,32,7,12,63,0.0,1009,33,10,239,6,hongkong
2017-09-18,31,29,0.0,11.6,7,0,04:03 AM,05:11 PM,06:11 AM,06:24 PM,24,36,36,31,12,14,66,0.0,1010,31,10,121,10,hongkong
2017-09-19,31,28,0.0,11.6,7,0,05:02 AM,05:54 PM,06:11 AM,06:23 PM,24,35,35,30,13,19,70,0.1,1010,31,10,115,11,hongkong
2017-09-20,31,28,0.0,11.6,6,0,05:59 AM,06:35 PM,06:11 AM,06:22 PM,25,36,36,30,11,25,73,2.5,1009,31,10,100,9,hongkong
2017-09-21,32,28,0.0,11.6,7,0,06:55 AM,07:15 PM,06:12 AM,06:21 PM,25,37,37,31,9,23,70,0.0,1009,32,10,101,8,hongkong
2017-09-22,31,29,0.0,11.6,7,7,07:49 AM,07:54 PM,06:12 AM,06:20 PM,25,36,36,30,17,29,73,3.9,1010,31,10,91,14,hongkong
2017-09-23,31,29,0.0,11.6,6,14,08:41 AM,08:32 PM,06:12 AM,06:19 PM,25,36,36,30,20,30,76,2.8,1011,31,10,89,16,hongkong
2017-09-24,31,29,0.0,11.6,6,22,09:34 AM,09:12 PM,06:12 AM,06:18 PM,25,35,35,29,34,38,76,4.4,1009,31,10,101,25,hongkong
2017-09-25,31,29,0.0,11.6,7,30,10:25 AM,09:53 PM,06:13 AM,06:17 PM,26,37,37,30,20,26,77,0.0,1010,31,10,140,16,hongkong
2017-09-26,32,28,0.0,11.6,7,37,11:16 AM,10:36 PM,06:13 AM,06:16 PM,26,39,39,31,7,15,73,0.0,1011,32,10,140,6,hongkong
2017-09-27,33,28,0.0,11.6,8,45,12:06 PM,11:21 PM,06:13 AM,06:15 PM,26,40,40,32,8,9,68,0.0,1010,33,10,231,7,hongkong
2017-09-28,32,29,0.0,11.6,8,52,12:55 PM,No moonset,06:14 AM,06:14 PM,25,39,39,32,8,9,68,0.0,1009,32,10,153,7,hongkong
2017-09-29,32,29,0.0,11.6,7,60,01:43 PM,12:09 AM,06:14 AM,06:13 PM,25,37,37,30,17,21,75,1.5,1012,32,10,108,14,hongkong
2017-09-30,31,28,0.0,11.6,7,67,02:28 PM,12:58 AM,06:14 AM,06:12 PM,25,35,35,30,24,31,75,6.4,1013,31,9,95,18,hongkong
2017-10-01,30,28,0.0,11.6,7,72,03:13 PM,01:50 AM,06:15 AM,06:11 PM,25,35,35,29,24,38,76,6.2,1012,30,10,102,17,hongkong
2017-10-02,31,28,0.0,11.6,7,79,03:56 PM,02:43 AM,06:15 AM,06:10 PM,25,36,36,30,17,26,76,2.1,1011,31,10,92,13,hongkong
2017-10-03,31,28,0.0,11.6,7,87,04:38 PM,03:38 AM,06:15 AM,06:09 PM,25,37,37,31,14,19,74,2.3,1012,31,10,95,12,hongkong
2017-10-04,31,28,0.0,11.6,7,94,05:20 PM,04:33 AM,06:15 AM,06:08 PM,24,35,35,30,24,24,74,5.6,1014,31,10,84,19,hongkong
2017-10-05,31,28,0.0,11.6,7,100,06:01 PM,05:30 AM,06:16 AM,06:07 PM,23,33,33,29,23,29,69,1.5,1013,31,10,75,18,hongkong
2017-10-06,28,28,0.0,11.6,6,100,06:44 PM,06:28 AM,06:16 AM,06:06 PM,23,32,32,28,27,33,76,7.5,1013,28,9,64,19,hongkong
2017-10-07,31,28,0.0,11.6,7,84,07:29 PM,07:28 AM,06:16 AM,06:05 PM,24,34,34,30,23,18,73,0.1,1013,31,10,76,18,hongkong
2017-10-08,31,28,0.0,11.6,7,77,08:15 PM,08:29 AM,06:17 AM,06:05 PM,24,34,34,30,24,14,71,0.0,1012,31,10,72,18,hongkong
2017-10-09,31,28,0.0,8.8,7,70,09:06 PM,09:32 AM,06:17 AM,06:04 PM,24,34,34,30,34,57,71,0.0,1010,31,10,75,25,hongkong
2017-10-10,32,28,0.0,11.6,7,62,10:00 PM,10:34 AM,06:18 AM,06:03 PM,24,35,35,30,23,19,73,2.2,1011,32,10,85,17,hongkong
2017-10-11,32,28,0.0,11.6,7,55,10:57 PM,11:36 AM,06:18 AM,06:02 PM,25,36,36,30,20,18,73,4.6,1011,32,10,86,15,hongkong
2017-10-12,31,28,0.0,11.6,7,48,11:57 PM,12:35 PM,06:18 AM,06:01 PM,23,34,34,30,17,34,68,0.5,1010,31,10,47,13,hongkong
2017-10-13,29,24,0.0,11.6,7,41,No moonrise,01:30 PM,06:19 AM,06:00 PM,18,28,28,27,26,12,60,0.0,1008,29,10,6,21,hongkong
2017-10-14,27,23,0.0,5.8,6,33,12:56 AM,02:21 PM,06:19 AM,05:59 PM,18,26,26,25,36,61,65,0.3,1004,27,9,49,28,hongkong
2017-10-15,27,22,0.0,4.3,5,26,01:56 AM,03:08 PM,06:19 AM,05:59 PM,20,26,26,24,60,84,79,23.9,1000,27,8,46,42,hongkong
2017-10-16,28,25,0.0,7.2,6,19,02:54 AM,03:51 PM,06:20 AM,05:58 PM,23,29,29,26,31,69,83,13.1,1009,28,9,77,21,hongkong
2017-10-17,29,24,0.0,4.3,6,12,03:51 AM,04:32 PM,06:20 AM,05:57 PM,22,29,29,26,24,80,77,3.1,1012,29,10,59,18,hongkong
2017-10-18,29,24,0.0,8.7,7,4,04:45 AM,05:11 PM,06:21 AM,05:56 PM,20,29,29,27,16,34,67,0.0,1013,29,10,29,13,hongkong
2017-10-19,28,24,0.0,8.7,7,0,05:40 AM,05:50 PM,06:21 AM,05:55 PM,19,28,28,26,20,34,64,0.0,1012,28,10,12,16,hongkong
2017-10-20,28,23,0.0,8.7,6,0,06:32 AM,06:28 PM,06:21 AM,05:55 PM,17,27,27,25,20,20,60,0.0,1012,28,10,11,16,hongkong
2017-10-21,26,22,0.0,8.7,6,3,07:25 AM,07:08 PM,06:22 AM,05:54 PM,16,26,26,24,21,29,62,0.0,1012,26,10,12,18,hongkong
2017-10-22,26,21,0.0,8.7,6,10,08:16 AM,07:48 PM,06:22 AM,05:53 PM,15,26,26,25,17,5,56,0.0,1013,26,10,60,14,hongkong
2017-10-23,26,22,0.0,8.7,6,17,09:08 AM,08:30 PM,06:23 AM,05:52 PM,15,27,27,26,13,6,53,0.0,1016,26,10,49,11,hongkong
2017-10-24,27,23,0.0,8.7,6,25,09:59 AM,09:15 PM,06:23 AM,05:52 PM,16,27,27,26,17,16,55,0.0,1018,27,10,72,14,hongkong
2017-10-25,27,24,0.0,8.7,6,32,10:48 AM,10:01 PM,06:24 AM,05:51 PM,17,26,26,25,20,11,60,0.0,1019,27,10,79,16,hongkong
2017-10-26,27,23,0.0,8.7,6,39,11:36 AM,10:50 PM,06:24 AM,05:50 PM,17,27,27,26,8,8,56,0.0,1017,27,10,94,7,hongkong
2017-10-27,27,24,0.0,8.7,7,46,12:22 PM,11:40 PM,06:25 AM,05:50 PM,16,28,28,27,9,5,52,0.0,1014,27,10,123,8,hongkong
2017-10-28,27,24,0.0,8.7,7,54,01:07 PM,No moonset,06:25 AM,05:49 PM,16,29,29,28,14,2,48,0.0,1015,27,10,106,13,hongkong
2017-10-29,27,23,0.0,8.7,6,61,01:50 PM,12:31 AM,06:26 AM,05:48 PM,14,26,26,25,24,3,51,0.0,1018,27,10,30,19,hongkong
2017-10-30,25,21,0.0,8.7,6,68,02:31 PM,01:24 AM,06:26 AM,05:48 PM,12,25,25,24,23,2,48,0.0,1021,25,10,46,19,hongkong
2017-10-31,24,20,0.0,8.7,6,72,03:12 PM,02:18 AM,06:27 AM,05:47 PM,13,25,25,24,19,8,51,0.1,1020,24,10,58,16,hongkong
2017-11-01,25,21,0.0,8.7,6,86,03:53 PM,03:14 AM,06:27 AM,05:47 PM,14,26,26,24,15,8,54,0.0,1017,25,10,59,12,hongkong
2017-11-02,27,22,0.0,8.7,6,93,04:34 PM,04:11 AM,06:28 AM,05:46 PM,16,28,28,27,12,6,51,0.0,1014,27,10,46,10,hongkong
2017-11-03,28,23,0.0,8.7,7,100,05:18 PM,05:11 AM,06:28 AM,05:45 PM,15,27,27,26,19,12,52,0.1,1015,28,10,43,16,hongkong
2017-11-04,25,23,0.0,8.7,6,100,06:05 PM,06:12 AM,06:29 AM,05:45 PM,13,25,25,24,25,42,49,0.1,1019,25,10,43,19,hongkong
2017-11-05,25,21,0.0,7.2,6,84,06:55 PM,07:16 AM,06:29 AM,05:44 PM,13,25,25,24,19,36,51,0.0,1018,25,10,42,16,hongkong
2017-11-06,23,22,0.0,4.2,5,76,07:50 PM,08:20 AM,06:30 AM,05:44 PM,15,25,25,23,17,86,64,1.3,1017,23,10,42,13,hongkong
2017-11-07,26,21,0.0,4.2,5,69,08:48 PM,09:25 AM,06:31 AM,05:43 PM,18,26,26,24,16,97,69,2.2,1017,26,10,66,12,hongkong
2017-11-08,26,23,0.0,8.7,6,61,09:49 PM,10:27 AM,06:31 AM,05:43 PM,20,27,27,25,15,63,72,0.0,1016,26,10,49,12,hongkong
2017-11-09,27,23,0.0,8.7,6,54,10:50 PM,11:26 AM,06:32 AM,05:43 PM,19,27,27,25,21,65,71,0.0,1016,27,10,76,16,hongkong
2017-11-10,28,23,0.0,8.7,7,46,11:51 PM,12:19 PM,06:32 AM,05:42 PM,21,28,28,26,14,30,73,0.0,1015,28,10,82,12,hongkong
2017-11-11,26,24,0.0,5.7,6,39,No moonrise,01:08 PM,06:33 AM,05:42 PM,21,27,27,25,22,62,79,0.2,1014,26,9,70,16,hongkong
2017-11-12,25,23,0.0,4.2,5,31,12:49 AM,01:52 PM,06:33 AM,05:41 PM,20,26,26,24,24,81,79,2.5,1013,25,8,67,18,hongkong
2017-11-13,23,23,0.0,4.2,5,24,01:46 AM,02:33 PM,06:34 AM,05:41 PM,20,25,25,23,23,100,82,4.0,1013,23,9,64,17,hongkong
2017-11-14,26,23,0.0,4.1,5,16,02:41 AM,03:12 PM,06:35 AM,05:41 PM,21,26,26,24,16,77,79,0.1,1015,26,10,76,13,hongkong
2017-11-15,25,24,0.0,5.7,5,8,03:34 AM,03:50 PM,06:35 AM,05:40 PM,21,26,26,24,21,65,82,0.4,1016,25,10,78,16,hongkong
2017-11-16,26,23,0.0,8.7,6,1,04:26 AM,04:27 PM,06:36 AM,05:40 PM,20,26,26,24,19,66,79,0.2,1015,26,10,86,15,hongkong
2017-11-17,26,23,0.0,8.7,6,0,05:19 AM,05:06 PM,06:37 AM,05:40 PM,22,28,28,25,10,32,82,0.0,1012,26,10,107,8,hongkong
2017-11-18,26,23,0.0,4.1,5,0,06:10 AM,05:45 PM,06:37 AM,05:40 PM,21,28,28,25,15,64,77,0.5,1013,26,10,90,12,hongkong
2017-11-19,22,19,0.0,4.1,5,0,07:02 AM,06:26 PM,06:38 AM,05:39 PM,15,20,21,20,23,94,70,0.2,1018,22,10,47,19,hongkong
2017-11-20,19,17,0.0,4.1,4,6,07:53 AM,07:10 PM,06:39 AM,05:39 PM,13,19,19,19,21,95,71,0.0,1020,19,10,22,17,hongkong
2017-11-21,20,16,0.0,8.7,5,14,08:43 AM,07:56 PM,06:39 AM,05:39 PM,13,19,19,19,17,67,68,0.1,1018,20,10,16,14,hongkong
2017-11-22,22,18,0.0,7.2,5,22,09:32 AM,08:43 PM,06:40 AM,05:39 PM,13,20,20,20,24,59,63,0.0,1017,22,10,226,19,hongkong
2017-11-23,20,16,0.0,8.7,5,29,10:18 AM,09:33 PM,06:41 AM,05:39 PM,8,18,18,18,23,46,52,0.0,1020,20,10,17,19,hongkong
2017-11-24,18,16,0.0,5.6,5,37,11:03 AM,10:23 PM,06:41 AM,05:39 PM,10,17,17,17,22,52,65,0.2,1023,18,10,19,18,hongkong
2017-11-25,19,16,0.0,4.1,4,44,11:46 AM,11:15 PM,06:42 AM,05:39 PM,13,18,18,18,17,80,72,0.3,1022,19,9,25,14,hongkong
2017-11-26,23,18,0.0,8.7,5,52,12:27 PM,No moonset,06:43 AM,05:39 PM,14,20,21,20,16,48,67,0.0,1021,23,10,99,13,hongkong
2017-11-27,22,18,0.0,4.1,5,59,01:07 PM,12:07 AM,06:43 AM,05:39 PM,15,21,23,21,18,50,69,0.0,1018,22,10,58,15,hongkong
2017-11-28,24,21,0.0,5.6,5,67,01:46 PM,01:00 AM,06:44 AM,05:39 PM,18,24,24,23,18,67,74,0.1,1017,24,10,62,13,hongkong
2017-11-29,26,23,0.0,7.2,6,74,02:26 PM,01:55 AM,06:45 AM,05:39 PM,20,26,26,24,16,59,77,0.1,1017,26,10,71,12,hongkong
2017-11-30,25,23,0.0,8.7,6,82,03:08 PM,02:52 AM,06:45 AM,05:39 PM,20,26,26,24,18,45,78,0.3,1017,25,10,61,14,hongkong
2017-12-01,23,20,0.0,8.7,6,86,03:52 PM,03:51 AM,06:46 AM,05:39 PM,14,22,23,22,20,49,64,0.1,1019,23,10,30,16,hongkong
2017-12-02,22,18,0.0,8.7,6,93,04:40 PM,04:53 AM,06:47 AM,05:39 PM,13,21,22,21,14,20,60,0.0,1019,22,10,27,12,hongkong
2017-12-03,23,18,0.0,8.7,6,100,05:33 PM,05:58 AM,06:47 AM,05:39 PM,14,22,23,22,10,15,60,0.0,1018,23,10,137,8,hongkong
2017-12-04,22,19,0.0,8.7,6,100,06:30 PM,07:04 AM,06:48 AM,05:39 PM,13,21,23,21,16,17,60,0.0,1019,22,10,14,13,hongkong
2017-12-05,20,18,0.0,7.2,5,85,07:32 PM,08:10 AM,06:49 AM,05:39 PM,12,19,19,19,18,63,64,0.1,1020,20,10,40,14,hongkong
2017-12-06,22,17,0.0,8.7,5,77,08:35 PM,09:13 AM,06:49 AM,05:40 PM,12,20,20,20,16,21,60,0.0,1018,22,10,68,13,hongkong
2017-12-07,21,18,0.0,8.7,5,70,09:39 PM,10:11 AM,06:50 AM,05:40 PM,11,21,21,21,16,27,55,0.0,1018,21,10,43,13,hongkong
2017-12-08,20,16,0.0,8.7,5,63,10:41 PM,11:04 AM,06:51 AM,05:40 PM,7,18,18,18,28,8,47,0.0,1021,20,10,18,23,hongkong
2017-12-09,18,14,0.0,8.7,5,56,11:41 PM,11:51 AM,06:51 AM,05:40 PM,2,17,17,17,11,15,38,0.0,1020,18,10,51,10,hongkong
2017-12-10,21,16,0.0,8.7,5,48,No moonrise,12:34 PM,06:52 AM,05:41 PM,4,20,20,20,11,27,37,0.0,1018,21,10,188,9,hongkong
2017-12-11,22,17,0.0,8.7,5,41,12:37 AM,01:14 PM,06:53 AM,05:41 PM,8,20,20,20,17,25,46,0.0,1018,22,10,53,14,hongkong
2017-12-12,21,18,0.0,8.7,5,34,01:31 AM,01:52 PM,06:53 AM,05:41 PM,11,20,20,20,21,33,57,0.0,1018,21,10,61,17,hongkong
2017-12-13,20,19,0.0,4.1,4,27,02:23 AM,02:29 PM,06:54 AM,05:41 PM,15,20,20,20,29,84,73,0.6,1018,20,9,73,22,hongkong
2017-12-14,21,19,0.0,4.1,4,19,03:15 AM,03:06 PM,06:54 AM,05:42 PM,16,20,20,20,26,95,78,0.4,1018,21,9,67,19,hongkong
2017-12-15,21,18,0.0,7.2,5,12,04:06 AM,03:45 PM,06:55 AM,05:42 PM,15,20,21,20,19,66,75,0.1,1020,21,10,82,15,hongkong
2017-12-16,17,12,0.0,7.2,5,5,04:57 AM,04:25 PM,06:56 AM,05:43 PM,9,15,16,15,34,49,66,0.0,1024,17,10,93,28,hongkong
2017-12-17,14,12,0.0,4.1,3,0,05:48 AM,05:08 PM,06:56 AM,05:43 PM,5,11,13,11,25,75,61,0.0,1027,14,10,10,21,hongkong
2017-12-18,16,10,0.0,8.7,4,0,06:38 AM,05:53 PM,06:57 AM,05:43 PM,2,12,13,12,24,21,47,0.0,1026,16,10,53,20,hongkong
2017-12-19,17,11,0.0,8.7,4,2,07:28 AM,06:40 PM,06:57 AM,05:44 PM,1,13,14,13,28,21,42,0.0,1026,17,10,14,23,hongkong
2017-12-20,19,13,0.0,8.7,5,10,08:16 AM,07:29 PM,06:58 AM,05:44 PM,1,15,16,15,26,12,37,0.0,1027,19,10,19,21,hongkong
2017-12-21,18,13,0.0,8.7,5,17,09:02 AM,08:18 PM,06:58 AM,05:45 PM,2,16,16,16,19,9,40,0.0,1026,18,10,55,16,hongkong
2017-12-22,20,16,0.0,8.7,5,24,09:45 AM,09:10 PM,06:59 AM,05:45 PM,8,18,19,18,17,26,50,0.0,1021,20,10,63,13,hongkong
2017-12-23,20,18,0.0,4.1,4,31,10:26 AM,10:01 PM,06:59 AM,05:46 PM,13,20,20,20,10,81,68,0.0,1018,20,10,63,8,hongkong
2017-12-24,23,19,0.0,8.7,6,39,11:06 AM,10:53 PM,07:00 AM,05:46 PM,11,21,22,21,21,22,56,0.0,1018,23,10,183,16,hongkong
2017-12-25,20,16,0.0,8.7,5,46,11:44 AM,11:46 PM,07:00 AM,05:47 PM,6,19,19,19,17,26,42,0.0,1020,20,10,48,14,hongkong
2017-12-26,21,17,0.0,8.7,5,53,12:22 PM,No moonset,07:01 AM,05:47 PM,9,19,20,19,17,38,51,0.0,1021,21,10,65,14,hongkong
2017-12-27,20,17,0.0,8.7,5,61,01:02 PM,12:39 AM,07:01 AM,05:48 PM,13,19,20,19,22,24,67,0.0,1021,20,10,76,17,hongkong
2017-12-28,20,18,0.0,5.5,4,68,01:43 PM,01:36 AM,07:01 AM,05:49 PM,13,19,19,19,17,77,69,1.0,1021,20,10,57,13,hongkong
2017-12-29,21,18,0.0,8.7,5,75,02:27 PM,02:34 AM,07:02 AM,05:49 PM,15,20,21,20,15,24,74,0.0,1021,21,10,69,12,hongkong
2017-12-30,22,18,0.0,8.7,5,82,03:16 PM,03:36 AM,07:02 AM,05:50 PM,14,20,21,20,16,27,70,0.0,1022,22,10,64,12,hongkong
2017-12-31,20,16,0.0,8.7,5,86,04:09 PM,04:39 AM,07:03 AM,05:50 PM,10,19,19,19,17,22,56,0.0,1022,20,10,75,14,hongkong
2018-01-01,19,16,0.0,8.7,5,97,05:09 PM,05:46 AM,07:03 AM,05:51 PM,11,18,18,18,14,23,63,0.0,1020,19,10,65,12,hongkong
2018-01-02,20,17,0.0,3.9,4,100,06:12 PM,06:51 AM,07:03 AM,05:52 PM,13,19,19,19,18,73,68,0.0,1019,20,10,72,14,hongkong
2018-01-03,22,19,0.0,8.7,6,89,07:18 PM,07:53 AM,07:04 AM,05:52 PM,15,20,22,20,21,37,72,0.0,1018,22,10,78,16,hongkong
2018-01-04,21,19,0.0,3.9,4,81,08:23 PM,08:50 AM,07:04 AM,05:53 PM,16,20,20,20,23,74,79,0.7,1017,21,9,75,17,hongkong
2018-01-05,20,18,0.0,3.9,4,74,09:27 PM,09:42 AM,07:04 AM,05:54 PM,16,19,19,19,15,98,79,1.3,1016,20,8,57,12,hongkong
2018-01-06,18,17,0.0,3.9,4,67,10:26 PM,10:29 AM,07:04 AM,05:54 PM,14,17,17,17,28,100,83,4.5,1015,18,9,71,21,hongkong
2018-01-07,19,16,0.0,3.9,4,59,11:24 PM,11:12 AM,07:04 AM,05:55 PM,16,18,18,18,25,98,86,6.0,1015,19,9,74,18,hongkong
2018-01-08,20,11,0.0,3.9,4,52,No moonrise,11:51 AM,07:05 AM,05:56 PM,13,15,16,15,24,98,84,4.8,1016,20,8,192,19,hongkong
2018-01-09,11,8,0.0,3.9,2,45,12:18 AM,12:29 PM,07:05 AM,05:56 PM,3,7,10,7,26,85,62,1.1,1024,11,9,13,21,hongkong
2018-01-10,16,11,0.0,8.7,4,38,01:11 AM,01:07 PM,07:05 AM,05:57 PM,-1,12,13,12,24,54,38,0.0,1025,16,10,19,18,hongkong
2018-01-11,17,12,0.0,8.7,4,30,02:02 AM,01:46 PM,07:05 AM,05:58 PM,-1,14,15,14,25,25,35,0.0,1026,17,10,25,20,hongkong
2018-01-12,16,11,0.0,8.7,4,23,02:53 AM,02:25 PM,07:05 AM,05:58 PM,-1,13,14,13,20,6,35,0.0,1027,16,10,37,16,hongkong
2018-01-13,15,12,0.0,8.7,4,16,03:44 AM,03:07 PM,07:05 AM,05:59 PM,3,13,14,13,22,17,48,0.0,1026,15,10,70,18,hongkong
2018-01-14,18,13,0.0,11.0,5,9,04:34 AM,03:50 PM,07:05 AM,06:00 PM,4,16,16,16,16,19,46,0.0,1023,18,10,67,13,hongkong
2018-01-15,19,15,0.0,11.0,5,1,05:25 AM,04:36 PM,07:05 AM,06:00 PM,12,20,20,20,13,2,61,0.0,1019,19,10,78,11,hongkong
2018-01-16,21,16,0.0,11.0,5,0,06:13 AM,05:25 PM,07:05 AM,06:01 PM,13,20,21,20,9,5,64,0.0,1016,21,10,155,8,hongkong
2018-01-17,23,18,0.0,11.0,5,0,06:59 AM,06:15 PM,07:05 AM,06:02 PM,15,23,24,23,9,2,62,0.0,1015,23,10,192,7,hongkong
2018-01-18,22,18,0.0,8.5,5,6,07:44 AM,07:06 PM,07:05 AM,06:02 PM,16,21,22,21,14,48,76,0.0,1016,22,10,75,11,hongkong
2018-01-19,20,19,0.0,5.5,4,13,08:26 AM,07:57 PM,07:05 AM,06:03 PM,17,20,20,20,15,98,85,0.7,1018,20,8,69,11,hongkong
2018-01-20,21,19,0.0,7.0,4,20,09:06 AM,08:49 PM,07:05 AM,06:04 PM,17,20,21,20,15,79,82,0.1,1017,21,10,83,12,hongkong
2018-01-21,21,19,0.0,8.5,4,28,09:45 AM,09:42 PM,07:05 AM,06:04 PM,16,20,21,20,10,63,78,0.0,1015,21,10,80,8,hongkong
2018-01-22,23,19,0.0,11.0,6,35,10:23 AM,10:34 PM,07:05 AM,06:05 PM,17,22,23,22,7,25,74,0.0,1014,23,10,129,6,hongkong
2018-01-23,21,19,0.0,11.0,5,42,11:01 AM,11:28 PM,07:05 AM,06:06 PM,16,20,21,20,13,29,74,0.0,1015,21,10,79,11,hongkong
2018-01-24,20,18,0.0,10.1,4,49,11:40 AM,No moonset,07:05 AM,06:06 PM,15,19,19,19,25,61,77,0.1,1015,20,10,90,19,hongkong
2018-01-25,19,18,0.0,5.5,4,57,12:21 PM,12:23 AM,07:04 AM,06:07 PM,15,18,18,18,23,84,82,0.4,1015,19,9,75,17,hongkong
2018-01-26,19,17,0.0,8.6,4,64,01:06 PM,01:21 AM,07:04 AM,06:08 PM,13,18,18,18,15,63,71,0.0,1017,19,10,43,12,hongkong
2018-01-27,17,15,0.0,5.5,4,71,01:55 PM,02:22 AM,07:04 AM,06:08 PM,10,16,16,16,22,89,67,0.0,1017,17,10,65,18,hongkong
2018-01-28,17,12,0.0,5.5,4,78,02:50 PM,03:25 AM,07:04 AM,06:09 PM,11,15,16,15,21,96,72,0.8,1016,17,9,235,17,hongkong
2018-01-29,10,8,0.0,5.5,2,86,03:50 PM,04:28 AM,07:03 AM,06:10 PM,5,6,9,6,25,100,74,2.9,1021,10,7,100,21,hongkong
2018-01-30,9,7,0.0,5.5,2,93,04:53 PM,05:32 AM,07:03 AM,06:10 PM,5,6,8,6,21,100,80,3.1,1021,9,9,18,17,hongkong
2018-01-31,9,8,0.0,7.1,2,97,05:59 PM,06:31 AM,07:03 AM,06:11 PM,6,6,9,6,29,82,80,2.7,1022,9,9,136,24,hongkong
2018-02-01,13,7,0.0,5.6,3,88,07:05 PM,07:26 AM,07:02 AM,06:12 PM,3,8,10,8,20,67,61,0.0,1022,13,10,66,17,hongkong
2018-02-02,12,10,0.0,5.6,3,81,08:08 PM,08:16 AM,07:02 AM,06:12 PM,4,8,11,8,26,98,65,0.8,1025,12,8,145,21,hongkong
2018-02-03,12,9,0.0,7.1,4,73,09:08 PM,09:03 AM,07:01 AM,06:13 PM,2,8,11,8,25,72,55,0.2,1026,12,9,19,20,hongkong
2018-02-04,13,9,0.0,8.6,4,66,10:06 PM,09:45 AM,07:01 AM,06:14 PM,-1,8,11,8,23,64,44,0.0,1026,13,10,20,19,hongkong
2018-02-05,13,8,0.0,11.1,4,58,11:01 PM,10:25 AM,07:01 AM,06:14 PM,-1,8,10,8,22,35,44,0.0,1027,13,10,15,19,hongkong
2018-02-06,15,9,0.0,11.2,4,51,11:55 PM,11:04 AM,07:00 AM,06:15 PM,1,12,14,12,17,6,42,0.0,1024,15,10,34,14,hongkong
2018-02-07,15,12,0.0,11.2,4,43,No moonrise,11:44 AM,07:00 AM,06:15 PM,-0,14,14,14,14,32,37,0.0,1021,15,10,37,12,hongkong
2018-02-08,16,12,0.0,8.7,4,36,12:47 AM,12:23 PM,06:59 AM,06:16 PM,2,14,15,14,14,56,44,0.0,1019,16,10,52,11,hongkong
2018-02-09,18,15,0.0,5.8,5,28,01:39 AM,01:04 PM,06:59 AM,06:17 PM,12,17,17,17,14,83,72,0.1,1017,18,10,54,11,hongkong
2018-02-10,21,17,0.0,8.7,4,20,02:29 AM,01:47 PM,06:58 AM,06:17 PM,13,19,20,19,12,67,67,0.0,1018,21,10,150,10,hongkong
2018-02-11,18,14,0.0,10.2,5,13,03:20 AM,02:32 PM,06:58 AM,06:18 PM,8,16,17,16,18,56,59,0.1,1023,18,10,109,14,hongkong
2018-02-12,18,12,0.0,11.6,5,5,04:08 AM,03:20 PM,06:57 AM,06:18 PM,3,16,16,16,17,12,43,0.0,1027,18,10,64,14,hongkong
2018-02-13,18,14,0.0,11.6,5,0,04:56 AM,04:09 PM,06:56 AM,06:19 PM,5,18,18,18,13,6,43,0.0,1024,18,10,77,11,hongkong
2018-02-14,20,17,0.0,7.3,5,0,05:41 AM,05:00 PM,06:56 AM,06:19 PM,14,19,19,19,13,60,74,0.1,1019,20,10,85,11,hongkong
2018-02-15,23,18,0.0,11.6,6,0,06:24 AM,05:52 PM,06:55 AM,06:20 PM,19,23,24,23,6,17,80,0.0,1016,23,10,141,5,hongkong
2018-02-16,24,19,0.0,11.6,6,2,07:06 AM,06:44 PM,06:54 AM,06:20 PM,21,26,28,26,5,2,73,0.0,1015,24,10,265,5,hongkong
2018-02-17,21,19,0.0,5.8,4,10,07:45 AM,07:38 PM,06:54 AM,06:21 PM,18,21,22,21,21,63,82,0.3,1016,21,10,112,16,hongkong
2018-02-18,19,18,0.0,7.3,4,17,08:24 AM,08:30 PM,06:53 AM,06:22 PM,17,19,19,19,16,90,87,0.5,1018,19,8,80,12,hongkong
2018-02-19,23,19,0.0,8.7,5,25,09:02 AM,09:24 PM,06:52 AM,06:22 PM,19,21,23,21,9,75,85,0.1,1016,23,10,82,7,hongkong
2018-02-20,23,20,0.0,5.9,5,32,09:41 AM,10:19 PM,06:52 AM,06:23 PM,20,22,25,22,11,83,85,0.1,1014,23,10,91,8,hongkong
2018-02-21,21,18,0.0,5.9,4,40,10:21 AM,11:16 PM,06:51 AM,06:23 PM,18,20,20,20,15,98,86,0.9,1015,21,10,75,12,hongkong
2018-02-22,18,13,0.0,5.9,4,47,11:04 AM,No moonset,06:50 AM,06:24 PM,11,15,15,15,22,100,78,8.1,1019,18,9,35,17,hongkong
2018-02-23,19,13,0.0,10.2,5,55,11:50 AM,12:14 AM,06:50 AM,06:24 PM,11,16,16,16,16,73,72,0.6,1020,19,9,61,14,hongkong
2018-02-24,21,18,0.0,5.9,4,62,12:40 PM,01:14 AM,06:49 AM,06:24 PM,16,20,20,20,15,92,77,1.3,1019,21,9,71,12,hongkong
2018-02-25,24,19,0.0,7.3,5,70,01:36 PM,02:15 AM,06:48 AM,06:25 PM,16,21,22,21,13,83,75,0.8,1018,24,9,108,10,hongkong
2018-02-26,20,17,0.0,11.6,5,77,02:36 PM,03:16 AM,06:47 AM,06:25 PM,13,19,19,19,13,40,66,0.0,1019,20,10,68,11,hongkong
2018-02-27,22,18,0.0,10.2,5,85,03:39 PM,04:15 AM,06:46 AM,06:26 PM,16,20,21,20,15,66,75,0.1,1017,22,10,91,12,hongkong
2018-02-28,24,20,0.0,11.6,6,93,04:43 PM,05:11 AM,06:46 AM,06:26 PM,19,23,24,23,9,41,80,1.0,1014,24,10,127,7,hongkong
2018-03-01,24,21,0.0,11.6,6,96,05:47 PM,06:03 AM,06:45 AM,06:27 PM,20,26,26,24,9,17,81,0.0,1013,24,10,128,8,hongkong
2018-03-02,24,21,0.0,8.8,5,100,06:49 PM,06:51 AM,06:44 AM,06:27 PM,20,22,25,22,15,67,85,0.1,1012,24,10,99,11,hongkong
2018-03-03,25,22,0.0,11.6,6,89,07:48 PM,07:35 AM,06:43 AM,06:28 PM,21,26,26,24,13,43,85,0.2,1011,25,10,142,10,hongkong
2018-03-04,26,23,0.0,5.9,5,82,08:46 PM,08:17 AM,06:42 AM,06:28 PM,22,27,27,24,17,74,88,0.3,1011,26,10,163,12,hongkong
2018-03-05,26,23,0.0,10.2,6,74,09:42 PM,08:57 AM,06:41 AM,06:28 PM,22,28,28,25,8,43,84,0.3,1013,26,10,161,6,hongkong
2018-03-06,23,20,0.0,5.9,5,67,10:36 PM,09:38 AM,06:41 AM,06:29 PM,19,22,23,22,25,87,82,0.1,1017,23,10,103,19,hongkong
2018-03-07,22,19,0.0,7.4,5,60,11:29 PM,10:17 AM,06:40 AM,06:29 PM,17,21,22,21,19,81,80,0.2,1017,22,9,75,15,hongkong
2018-03-08,19,13,0.0,8.8,5,53,No moonrise,10:59 AM,06:39 AM,06:30 PM,9,14,15,14,27,72,69,1.3,1020,19,10,55,22,hongkong
2018-03-09,18,12,0.0,11.6,4,45,12:21 AM,11:42 AM,06:38 AM,06:30 PM,7,17,18,17,15,0,53,0.0,1023,18,10,47,13,hongkong
2018-03-10,19,15,0.0,11.6,5,38,01:13 AM,12:26 PM,06:37 AM,06:30 PM,10,21,21,21,14,0,52,0.0,1022,19,10,78,12,hongkong
2018-03-11,21,17,0.0,11.6,5,31,02:02 AM,01:14 PM,06:36 AM,06:31 PM,13,21,21,21,16,4,62,0.0,1021,21,10,87,14,hongkong
2018-03-12,23,19,0.0,11.6,6,24,02:50 AM,02:02 PM,06:35 AM,06:31 PM,17,23,24,23,11,6,69,0.0,1019,23,10,95,10,hongkong
2018-03-13,23,20,0.0,11.6,6,16,03:36 AM,02:53 PM,06:34 AM,06:32 PM,18,23,25,23,11,17,74,0.0,1017,23,10,103,9,hongkong
2018-03-14,22,21,0.0,6.0,6,9,04:20 AM,03:44 PM,06:33 AM,06:32 PM,19,22,24,22,13,73,86,2.5,1015,22,8,95,10,hongkong
2018-03-15,24,21,0.0,11.6,6,2,05:02 AM,04:36 PM,06:32 AM,06:32 PM,20,26,26,24,7,37,80,3.1,1013,24,10,110,5,hongkong
2018-03-16,25,21,0.0,11.6,6,0,05:43 AM,05:30 PM,06:31 AM,06:33 PM,20,26,26,25,5,11,74,0.0,1015,25,10,156,4,hongkong
2018-03-17,22,20,0.0,6.0,5,0,06:21 AM,06:23 PM,06:31 AM,06:33 PM,18,21,23,21,29,74,81,0.1,1017,22,10,92,23,hongkong
2018-03-18,24,21,0.0,8.8,5,5,07:01 AM,07:18 PM,06:30 AM,06:33 PM,20,25,25,22,17,62,84,0.2,1016,24,10,102,13,hongkong
2018-03-19,24,22,0.0,7.4,5,13,07:40 AM,08:13 PM,06:29 AM,06:34 PM,20,26,26,24,12,73,82,1.2,1012,24,10,145,9,hongkong
2018-03-20,23,18,0.0,11.6,6,20,08:20 AM,09:10 PM,06:28 AM,06:34 PM,14,21,22,21,25,36,66,0.0,1014,23,10,243,20,hongkong
2018-03-21,22,15,0.0,11.6,5,27,09:03 AM,10:09 PM,06:27 AM,06:35 PM,8,20,20,20,20,0,48,0.0,1017,22,10,59,17,hongkong
2018-03-22,22,18,0.0,11.6,5,34,09:48 AM,11:09 PM,06:26 AM,06:35 PM,10,22,23,22,10,6,49,0.0,1017,22,10,112,9,hongkong
2018-03-23,23,19,0.0,11.6,6,42,10:37 AM,No moonset,06:25 AM,06:35 PM,14,23,25,23,13,3,57,0.0,1018,23,10,90,11,hongkong
2018-03-24,23,20,0.0,10.2,6,49,11:31 AM,12:09 AM,06:24 AM,06:36 PM,17,22,24,22,16,39,76,0.8,1019,23,10,93,13,hongkong
2018-03-25,23,21,0.0,8.8,5,56,12:28 PM,01:09 AM,06:23 AM,06:36 PM,18,22,25,22,14,51,77,0.9,1019,23,10,93,11,hongkong
2018-03-26,24,21,0.0,11.6,6,63,01:28 PM,02:07 AM,06:22 AM,06:36 PM,18,25,25,23,6,40,72,0.1,1018,24,10,110,5,hongkong
2018-03-27,25,21,0.0,11.6,6,71,02:30 PM,03:03 AM,06:21 AM,06:37 PM,17,26,26,24,6,33,68,0.0,1016,25,10,135,5,hongkong
2018-03-28,24,21,0.0,11.6,6,78,03:32 PM,03:55 AM,06:20 AM,06:37 PM,18,26,26,24,10,15,72,0.1,1015,24,10,113,8,hongkong
2018-03-29,25,21,0.0,10.2,6,85,04:33 PM,04:42 AM,06:19 AM,06:37 PM,19,26,26,24,8,38,75,0.1,1014,25,10,109,7,hongkong
2018-03-30,25,22,0.0,11.6,6,93,05:33 PM,05:27 AM,06:18 AM,06:38 PM,19,26,26,24,11,30,71,0.0,1015,25,10,94,9,hongkong
2018-03-31,25,22,0.0,11.6,6,96,06:30 PM,06:09 AM,06:17 AM,06:38 PM,18,26,26,24,14,21,69,0.0,1015,25,10,104,12,hongkong
2018-04-01,25,22,0.0,11.6,6,89,07:27 PM,06:50 AM,06:16 AM,06:38 PM,19,26,26,24,9,23,71,0.0,1014,25,10,120,8,hongkong
2018-04-02,26,22,0.0,11.6,6,81,08:22 PM,07:30 AM,06:15 AM,06:39 PM,19,27,27,25,7,11,68,0.0,1014,26,10,171,6,hongkong
2018-04-03,26,22,0.0,11.6,6,74,09:17 PM,08:10 AM,06:15 AM,06:39 PM,20,28,28,26,9,9,72,0.0,1014,26,10,156,8,hongkong
2018-04-04,26,22,0.0,11.6,6,66,10:11 PM,08:52 AM,06:14 AM,06:39 PM,21,27,27,25,9,21,76,0.0,1013,26,10,118,7,hongkong
2018-04-05,26,22,0.0,11.6,6,59,11:03 PM,09:35 AM,06:13 AM,06:40 PM,21,27,27,25,10,21,76,0.1,1012,26,10,127,9,hongkong
2018-04-06,26,17,0.0,7.5,5,51,11:54 PM,10:19 AM,06:12 AM,06:40 PM,17,24,24,23,23,56,67,0.1,1016,26,10,183,19,hongkong
2018-04-07,21,16,0.0,11.6,5,44,No moonrise,11:06 AM,06:11 AM,06:40 PM,5,18,18,18,29,46,42,0.3,1024,21,9,27,23,hongkong
2018-04-08,22,18,0.0,11.6,5,36,12:43 AM,11:54 AM,06:10 AM,06:41 PM,8,22,23,22,10,4,42,0.0,1021,22,10,93,9,hongkong
2018-04-09,24,20,0.0,11.6,6,28,01:30 AM,12:44 PM,06:09 AM,06:41 PM,18,26,26,24,11,12,67,0.0,1017,24,10,111,10,hongkong
2018-04-10,26,22,0.0,11.6,6,21,02:15 AM,01:35 PM,06:08 AM,06:41 PM,20,27,27,25,9,13,72,0.1,1015,26,10,125,8,hongkong
2018-04-11,27,23,0.0,11.6,6,13,02:57 AM,02:26 PM,06:07 AM,06:42 PM,22,28,28,26,7,27,79,0.0,1012,27,10,129,6,hongkong
2018-04-12,27,23,0.0,11.6,7,6,03:38 AM,03:19 PM,06:06 AM,06:42 PM,22,29,29,26,11,27,79,0.0,1011,27,10,159,9,hongkong
2018-04-13,28,24,0.0,11.6,7,0,04:17 AM,04:12 PM,06:06 AM,06:43 PM,23,29,29,26,14,21,80,0.0,1012,28,10,147,11,hongkong
2018-04-14,28,24,0.0,11.6,7,0,04:56 AM,05:07 PM,06:05 AM,06:43 PM,23,30,30,27,8,38,79,0.2,1012,28,10,186,6,hongkong
2018-04-15,24,19,0.0,6.2,5,0,05:36 AM,06:02 PM,06:04 AM,06:43 PM,16,21,22,21,20,77,71,6.2,1015,24,8,183,15,hongkong
2018-04-16,18,17,0.0,6.2,4,1,06:15 AM,07:00 PM,06:03 AM,06:44 PM,14,18,18,18,17,100,77,3.9,1017,18,9,61,14,hongkong
2018-04-17,21,17,0.0,6.2,4,9,06:58 AM,07:59 PM,06:02 AM,06:44 PM,15,20,21,20,10,98,74,0.9,1017,21,8,54,8,hongkong
2018-04-18,24,21,0.0,8.9,5,17,07:43 AM,09:00 PM,06:01 AM,06:44 PM,19,25,25,23,12,66,77,0.0,1016,24,10,96,10,hongkong
2018-04-19,25,21,0.0,10.3,6,24,08:32 AM,10:03 PM,06:01 AM,06:45 PM,19,26,26,24,13,50,76,0.0,1014,25,10,93,11,hongkong
2018-04-20,25,23,0.0,7.8,5,32,09:26 AM,11:04 PM,06:00 AM,06:45 PM,21,26,26,24,17,83,84,0.3,1014,25,10,90,13,hongkong
2018-04-21,26,23,0.0,11.9,6,39,10:22 AM,No moonset,05:59 AM,06:46 PM,21,27,27,25,18,57,80,0.1,1013,26,10,112,13,hongkong
2018-04-22,27,24,0.0,12.9,7,47,11:23 AM,12:04 AM,05:58 AM,06:46 PM,22,28,28,26,12,35,80,0.0,1011,27,10,123,9,hongkong
2018-04-23,28,24,0.0,12.9,7,54,12:23 PM,01:00 AM,05:58 AM,06:46 PM,23,30,30,27,10,27,79,0.0,1009,28,10,181,8,hongkong
2018-04-24,27,24,0.0,11.9,6,62,01:25 PM,01:52 AM,05:57 AM,06:47 PM,23,29,29,26,6,48,82,15.6,1010,27,9,160,4,hongkong
2018-04-25,24,23,0.0,8.1,5,69,02:25 PM,02:40 AM,05:56 AM,06:47 PM,19,26,26,24,14,87,75,2.8,1012,24,10,61,11,hongkong
2018-04-26,24,23,0.0,9.4,5,77,03:24 PM,03:25 AM,05:55 AM,06:48 PM,21,26,26,24,13,84,83,4.2,1014,24,10,73,10,hongkong
2018-04-27,27,23,0.0,9.4,6,85,04:20 PM,04:06 AM,05:55 AM,06:48 PM,21,28,28,26,7,71,78,0.0,1015,27,10,99,6,hongkong
2018-04-28,27,24,0.0,10.7,6,92,05:17 PM,04:46 AM,05:54 AM,06:48 PM,22,28,28,25,13,66,81,0.1,1015,27,10,97,10,hongkong
2018-04-29,27,24,0.0,11.9,6,100,06:12 PM,05:26 AM,05:53 AM,06:49 PM,22,29,29,26,9,48,81,0.2,1013,27,10,109,8,hongkong
2018-04-30,28,24,0.0,13.0,7,100,07:06 PM,06:05 AM,05:52 AM,06:49 PM,23,30,30,27,10,40,81,0.1,1013,28,10,130,8,hongkong
2018-05-01,28,25,0.0,13.0,7,89,08:00 PM,06:46 AM,05:52 AM,06:50 PM,24,31,31,27,10,28,80,0.0,1012,28,10,181,8,hongkong
2018-05-02,30,25,0.0,13.0,7,82,08:54 PM,07:28 AM,05:51 AM,06:50 PM,24,32,32,28,10,31,76,1.2,1012,30,10,223,8,hongkong
2018-05-03,30,25,0.0,12.0,7,75,09:46 PM,08:12 AM,05:51 AM,06:51 PM,23,31,31,27,23,59,79,15.6,1014,30,9,168,15,hongkong
2018-05-04,26,24,0.0,8.1,6,68,10:36 PM,08:58 AM,05:50 AM,06:51 PM,21,27,27,25,26,91,80,2.7,1016,26,10,87,20,hongkong
2018-05-05,28,25,0.0,12.0,6,60,11:25 PM,09:46 AM,05:49 AM,06:51 PM,23,30,30,27,18,55,81,2.0,1015,28,10,109,14,hongkong
2018-05-06,29,26,0.0,13.0,7,53,No moonrise,10:35 AM,05:49 AM,06:52 PM,24,32,32,28,16,35,80,1.2,1011,29,10,174,13,hongkong
2018-05-07,29,26,0.0,13.0,7,46,12:10 AM,11:26 AM,05:48 AM,06:52 PM,24,32,32,28,22,34,79,9.4,1008,29,9,198,15,hongkong
2018-05-08,28,26,0.0,12.0,7,39,12:53 AM,12:17 PM,05:48 AM,06:53 PM,24,32,32,28,3,46,82,1.4,1008,28,10,193,3,hongkong
2018-05-09,26,24,0.0,8.2,6,31,01:34 AM,01:08 PM,05:47 AM,06:53 PM,23,28,28,26,31,73,84,10.3,1013,26,9,78,22,hongkong
2018-05-10,25,24,0.0,8.2,5,24,02:13 AM,02:00 PM,05:47 AM,06:54 PM,21,27,27,25,34,94,82,3.7,1015,25,10,89,25,hongkong
2018-05-11,27,24,0.0,9.4,6,17,02:51 AM,02:53 PM,05:46 AM,06:54 PM,22,28,28,26,19,73,80,1.1,1014,27,10,95,14,hongkong
2018-05-12,29,25,0.0,13.1,7,9,03:30 AM,03:48 PM,05:45 AM,06:55 PM,23,31,31,27,11,37,77,0.6,1012,29,10,144,9,hongkong
2018-05-13,30,26,0.0,13.1,7,2,04:09 AM,04:44 PM,05:45 AM,06:55 PM,24,33,33,28,11,24,78,0.1,1011,30,10,214,9,hongkong
2018-05-14,31,26,0.0,13.1,7,0,04:50 AM,05:44 PM,05:45 AM,06:55 PM,25,34,34,29,12,9,77,0.1,1010,31,10,203,10,hongkong
2018-05-15,30,26,0.0,13.1,7,0,05:34 AM,06:45 PM,05:44 AM,06:56 PM,24,33,33,29,13,32,78,0.0,1009,30,10,165,10,hongkong
2018-05-16,30,26,0.0,13.1,7,5,06:22 AM,07:49 PM,05:44 AM,06:56 PM,24,33,33,29,12,28,76,0.0,1009,30,10,163,10,hongkong
2018-05-17,30,26,0.0,13.1,7,12,07:15 AM,08:53 PM,05:43 AM,06:57 PM,25,34,34,29,12,23,78,0.0,1008,30,10,174,10,hongkong
2018-05-18,31,27,0.0,13.1,7,19,08:12 AM,09:56 PM,05:43 AM,06:57 PM,25,36,36,30,10,23,77,0.1,1008,31,10,194,9,hongkong
2018-05-19,32,27,0.0,13.2,7,27,09:14 AM,10:55 PM,05:43 AM,06:58 PM,26,37,37,30,9,22,77,0.0,1008,32,10,211,8,hongkong
2018-05-20,31,27,0.0,13.2,7,34,10:16 AM,11:50 PM,05:42 AM,06:58 PM,26,40,40,31,9,9,75,0.0,1008,31,10,201,8,hongkong
2018-05-21,31,28,0.0,13.2,7,41,11:19 AM,No moonset,05:42 AM,06:59 PM,26,39,39,31,9,10,73,0.0,1010,31,10,187,8,hongkong
2018-05-22,32,28,0.0,13.2,7,48,12:20 PM,12:40 AM,05:41 AM,06:59 PM,26,39,39,31,9,12,72,0.1,1011,32,10,156,7,hongkong
2018-05-23,33,28,0.0,13.6,8,56,01:19 PM,01:25 AM,05:41 AM,07:00 PM,26,41,41,33,10,4,68,0.0,1010,33,10,233,8,hongkong
2018-05-24,31,28,0.0,13.6,7,63,02:15 PM,02:07 AM,05:41 AM,07:00 PM,24,36,36,30,13,12,71,0.0,1009,31,10,157,11,hongkong
2018-05-25,31,28,0.0,13.6,7,70,03:11 PM,02:47 AM,05:41 AM,07:00 PM,24,36,36,30,12,14,71,0.0,1008,31,10,176,10,hongkong
2018-05-26,32,28,0.0,13.6,7,78,04:05 PM,03:26 AM,05:40 AM,07:01 PM,26,38,38,31,13,15,75,1.8,1009,32,10,206,11,hongkong
2018-05-27,32,28,0.0,13.6,7,85,04:59 PM,04:04 AM,05:40 AM,07:01 PM,25,38,38,31,12,15,73,1.0,1009,32,10,233,10,hongkong
2018-05-28,33,28,0.0,13.6,8,92,05:53 PM,04:43 AM,05:40 AM,07:02 PM,25,38,38,31,12,16,71,2.2,1009,33,10,250,10,hongkong
2018-05-29,33,29,0.0,13.6,8,99,06:46 PM,05:25 AM,05:40 AM,07:02 PM,25,39,39,32,12,10,67,0.4,1009,33,10,239,10,hongkong
2018-05-30,33,29,0.0,13.6,8,100,07:39 PM,06:07 AM,05:40 AM,07:03 PM,25,39,39,32,10,12,66,0.0,1010,33,10,219,8,hongkong
2018-05-31,33,29,0.0,13.6,8,89,08:30 PM,06:53 AM,05:39 AM,07:03 PM,24,38,38,32,10,13,65,0.0,1010,33,10,217,8,hongkong
2018-06-01,32,28,0.0,13.7,8,74,09:19 PM,07:40 AM,05:39 AM,07:04 PM,25,38,38,31,12,16,69,4.5,1010,32,10,128,9,hongkong
2018-06-02,31,27,0.0,13.7,7,67,10:06 PM,08:28 AM,05:39 AM,07:04 PM,24,35,35,29,18,34,75,0.8,1010,31,10,92,15,hongkong
2018-06-03,31,27,0.0,13.7,7,59,10:50 PM,09:19 AM,05:39 AM,07:04 PM,24,34,34,29,17,33,74,0.6,1008,31,10,95,14,hongkong
2018-06-04,30,28,0.0,13.7,7,52,11:31 PM,10:09 AM,05:39 AM,07:05 PM,24,34,34,29,24,38,75,4.8,1007,30,10,93,19,hongkong
2018-06-05,30,27,0.0,13.3,7,44,No moonrise,11:00 AM,05:39 AM,07:05 PM,25,34,34,29,24,52,79,21.7,1007,30,9,119,15,hongkong
2018-06-06,29,28,0.0,13.3,7,36,12:10 AM,11:52 AM,05:39 AM,07:06 PM,25,34,34,29,28,53,82,34.3,1005,29,8,126,16,hongkong
2018-06-07,29,28,0.0,13.3,7,29,12:48 AM,12:43 PM,05:39 AM,07:06 PM,25,33,33,28,33,57,81,33.5,1005,29,7,128,19,hongkong
2018-06-08,29,27,0.0,12.1,7,21,01:26 AM,01:36 PM,05:39 AM,07:06 PM,25,33,33,28,35,66,83,29.9,1001,29,8,150,22,hongkong
2018-06-09,31,28,0.0,12.1,6,14,02:03 AM,02:30 PM,05:39 AM,07:07 PM,25,35,35,29,14,52,75,5.9,999,31,9,250,10,hongkong
2018-06-10,32,28,0.0,13.7,7,6,02:42 AM,03:27 PM,05:39 AM,07:07 PM,24,36,36,31,14,39,69,0.4,1001,32,10,306,11,hongkong
2018-06-11,33,29,0.0,13.7,8,0,03:24 AM,04:26 PM,05:39 AM,07:07 PM,22,35,35,31,9,25,58,0.0,1003,33,10,183,7,hongkong
2018-06-12,30,27,0.0,10.9,6,0,04:10 AM,05:29 PM,05:39 AM,07:08 PM,24,33,33,29,15,74,75,9.8,1003,30,9,117,11,hongkong
2018-06-13,28,27,0.0,8.6,6,0,05:00 AM,06:33 PM,05:39 AM,07:08 PM,25,33,33,28,13,89,84,19.7,999,28,8,189,9,hongkong
2018-06-14,29,26,0.0,8.6,6,1,05:56 AM,07:39 PM,05:39 AM,07:08 PM,22,30,30,27,12,86,75,0.4,999,29,10,137,10,hongkong
2018-06-15,27,25,0.0,8.6,6,9,06:57 AM,08:42 PM,05:39 AM,07:09 PM,22,30,30,27,12,90,75,0.7,1002,27,9,77,10,hongkong
2018-06-16,30,27,0.0,12.1,6,16,08:01 AM,09:41 PM,05:40 AM,07:09 PM,23,31,31,28,22,47,74,0.1,1004,30,10,77,17,hongkong
2018-06-17,31,26,0.0,13.7,7,24,09:07 AM,10:34 PM,05:40 AM,07:09 PM,22,32,32,29,18,19,68,0.0,1002,31,10,72,15,hongkong
2018-06-18,31,27,0.0,13.3,7,31,10:10 AM,11:23 PM,05:40 AM,07:10 PM,24,34,34,29,17,34,74,0.1,1002,31,10,243,14,hongkong
2018-06-19,31,28,0.0,13.7,7,39,11:12 AM,No moonset,05:40 AM,07:10 PM,26,36,36,30,18,34,78,4.9,1004,31,10,204,14,hongkong
2018-06-20,31,28,0.0,13.7,7,46,12:11 PM,12:07 AM,05:40 AM,07:10 PM,26,37,37,30,16,30,78,4.1,1005,31,10,207,12,hongkong
2018-06-21,31,28,0.0,13.7,7,54,01:07 PM,12:48 AM,05:40 AM,07:10 PM,25,37,37,30,14,32,76,5.4,1006,31,10,199,11,hongkong
2018-06-22,31,28,0.0,12.1,7,61,02:02 PM,01:27 AM,05:41 AM,07:10 PM,25,35,35,29,13,49,78,5.9,1006,31,10,183,10,hongkong
2018-06-23,30,28,0.0,12.1,7,69,02:55 PM,02:05 AM,05:41 AM,07:11 PM,25,34,34,29,17,53,79,5.7,1007,30,9,164,12,hongkong
2018-06-24,31,28,0.0,13.7,7,77,03:49 PM,02:44 AM,05:41 AM,07:11 PM,25,35,35,29,20,33,78,1.4,1008,31,10,149,15,hongkong
2018-06-25,30,28,0.0,13.7,7,84,04:41 PM,03:24 AM,05:41 AM,07:11 PM,24,34,34,29,22,28,76,3.6,1009,30,10,161,17,hongkong
2018-06-26,31,27,0.0,13.7,7,92,05:34 PM,04:06 AM,05:42 AM,07:11 PM,24,35,35,30,14,24,73,3.4,1011,31,10,158,11,hongkong
2018-06-27,31,27,0.0,13.7,7,99,06:25 PM,04:50 AM,05:42 AM,07:11 PM,25,37,37,31,6,13,72,0.6,1010,31,10,179,5,hongkong
2018-06-28,32,28,0.0,13.7,7,100,07:15 PM,05:36 AM,05:42 AM,07:11 PM,25,37,37,31,11,9,70,0.0,1007,32,10,224,9,hongkong
2018-06-29,32,29,0.0,13.7,7,86,08:03 PM,06:24 AM,05:42 AM,07:12 PM,25,37,37,31,17,15,74,2.2,1004,32,10,229,14,hongkong
2018-06-30,32,29,0.0,13.7,7,78,08:47 PM,07:14 AM,05:43 AM,07:12 PM,25,37,37,31,17,17,75,5.8,1004,32,9,215,13,hongkong
2018-07-01,31,28,0.0,13.7,7,75,09:30 PM,08:04 AM,05:43 AM,07:12 PM,26,38,38,30,16,20,77,4.3,1004,31,9,207,13,hongkong
2018-07-02,31,29,0.0,13.7,6,68,10:10 PM,08:55 AM,05:43 AM,07:12 PM,26,37,37,30,19,26,78,4.0,1003,31,9,204,14,hongkong
2018-07-03,31,29,0.0,13.7,7,61,10:48 PM,09:46 AM,05:44 AM,07:12 PM,26,38,38,30,19,19,77,1.5,1002,31,10,197,15,hongkong
2018-07-04,32,29,0.0,13.7,7,54,11:25 PM,10:36 AM,05:44 AM,07:12 PM,26,37,37,30,23,20,78,5.3,1002,32,10,198,17,hongkong
2018-07-05,31,28,0.0,13.7,6,46,No moonrise,11:28 AM,05:44 AM,07:12 PM,26,37,37,30,19,33,79,2.1,1002,31,10,196,14,hongkong
2018-07-06,31,28,0.0,13.7,6,39,12:01 AM,12:20 PM,05:45 AM,07:12 PM,26,37,37,30,16,37,79,6.7,1003,31,9,184,12,hongkong
2018-07-07,30,28,0.0,13.7,7,32,12:38 AM,01:14 PM,05:45 AM,07:12 PM,25,36,36,30,10,45,78,0.6,1004,30,10,145,8,hongkong
2018-07-08,31,28,0.0,13.7,7,24,01:18 AM,02:10 PM,05:46 AM,07:12 PM,25,36,36,30,14,31,75,0.8,1004,31,10,109,11,hongkong
2018-07-09,31,28,0.0,13.7,7,17,02:00 AM,03:10 PM,05:46 AM,07:12 PM,24,35,35,30,26,33,74,0.6,1005,31,10,86,21,hongkong
2018-07-10,32,28,0.0,13.7,7,10,02:47 AM,04:12 PM,05:46 AM,07:11 PM,25,36,36,30,15,26,71,0.5,1005,32,10,97,12,hongkong
2018-07-11,32,28,0.0,13.6,7,3,03:39 AM,05:17 PM,05:47 AM,07:11 PM,25,37,37,31,10,18,70,0.5,1002,32,10,211,8,hongkong
2018-07-12,32,28,0.0,13.3,7,0,04:37 AM,06:21 PM,05:47 AM,07:11 PM,25,36,36,30,16,39,75,3.9,1003,32,10,116,12,hongkong
2018-07-13,29,28,0.0,9.7,6,0,05:40 AM,07:24 PM,05:48 AM,07:11 PM,24,33,33,28,23,61,79,4.3,1004,29,10,93,17,hongkong
2018-07-14,30,28,0.0,9.7,6,4,06:46 AM,08:21 PM,05:48 AM,07:11 PM,24,33,33,28,39,77,78,13.4,1004,30,9,102,26,hongkong
2018-07-15,28,28,0.0,8.5,6,12,07:53 AM,09:14 PM,05:48 AM,07:11 PM,24,32,32,28,44,87,80,4.3,1004,28,10,92,31,hongkong
2018-07-16,31,28,0.0,13.3,7,19,08:58 AM,10:02 PM,05:49 AM,07:10 PM,24,34,34,29,29,48,74,0.0,1004,31,10,88,22,hongkong
2018-07-17,33,28,0.0,13.3,8,26,10:00 AM,10:45 PM,05:49 AM,07:10 PM,25,37,37,31,22,36,72,3.1,1002,33,10,75,17,hongkong
2018-07-18,30,28,0.0,13.3,7,34,10:59 AM,11:26 PM,05:50 AM,07:10 PM,25,35,35,29,34,53,77,3.3,1003,30,10,95,25,hongkong
2018-07-19,31,28,0.0,13.6,7,41,11:56 AM,No moonset,05:50 AM,07:10 PM,24,35,35,29,25,32,75,1.3,1004,31,10,91,20,hongkong
2018-07-20,31,28,0.0,13.3,7,48,12:51 PM,12:06 AM,05:50 AM,07:09 PM,25,35,35,30,18,32,75,0.2,1004,31,10,95,15,hongkong
2018-07-21,32,28,0.0,13.6,7,55,01:45 PM,12:44 AM,05:51 AM,07:09 PM,24,37,37,31,8,16,69,0.0,1003,32,10,111,7,hongkong
2018-07-22,31,28,0.0,13.6,7,63,02:37 PM,01:24 AM,05:51 AM,07:09 PM,24,37,37,31,10,22,69,0.4,1002,31,10,216,8,hongkong
2018-07-23,31,29,0.0,13.6,7,70,03:30 PM,02:05 AM,05:52 AM,07:08 PM,25,36,36,30,23,32,76,3.5,1002,31,10,143,17,hongkong
2018-07-24,31,28,0.0,13.6,7,77,04:21 PM,02:48 AM,05:52 AM,07:08 PM,25,36,36,30,26,27,77,6.7,1004,31,9,158,18,hongkong
2018-07-25,31,28,0.0,13.6,6,84,05:12 PM,03:34 AM,05:52 AM,07:08 PM,25,36,36,30,12,38,74,6.0,1006,31,10,130,10,hongkong
2018-07-26,31,28,0.0,13.5,7,92,06:00 PM,04:21 AM,05:53 AM,07:07 PM,25,37,37,30,11,23,74,5.3,1006,31,9,136,9,hongkong
2018-07-27,31,28,0.0,13.5,7,99,06:46 PM,05:10 AM,05:53 AM,07:07 PM,24,36,36,31,10,18,70,3.6,1007,31,10,153,8,hongkong
2018-07-28,32,29,0.0,13.5,8,100,07:29 PM,06:00 AM,05:54 AM,07:06 PM,25,37,37,31,11,21,70,0.7,1007,32,10,145,9,hongkong
2018-07-29,32,29,0.0,13.5,8,86,08:10 PM,06:51 AM,05:54 AM,07:06 PM,25,37,37,31,8,26,69,0.0,1006,32,10,162,7,hongkong
2018-07-30,32,29,0.0,13.5,8,79,08:48 PM,07:42 AM,05:54 AM,07:05 PM,24,38,38,32,9,17,66,2.0,1005,32,10,198,8,hongkong
2018-07-31,32,29,0.0,13.5,8,75,09:26 PM,08:32 AM,05:55 AM,07:05 PM,25,38,38,31,11,19,68,3.2,1005,32,10,207,9,hongkong
2018-08-01,32,29,0.0,13.5,8,65,10:02 PM,09:24 AM,05:55 AM,07:04 PM,25,38,38,31,10,21,69,3.3,1004,32,10,211,8,hongkong
2018-08-02,32,29,0.0,13.5,8,57,10:38 PM,10:15 AM,05:56 AM,07:04 PM,25,38,38,31,13,17,70,1.2,1004,32,10,223,11,hongkong
2018-08-03,31,29,0.0,13.5,8,50,11:16 PM,11:07 AM,05:56 AM,07:03 PM,25,37,37,31,14,26,71,3.1,1003,31,10,210,11,hongkong
2018-08-04,32,29,0.0,13.5,8,43,11:55 PM,12:01 PM,05:56 AM,07:03 PM,25,38,38,31,9,23,71,2.4,1005,32,10,184,7,hongkong
2018-08-05,32,29,0.0,13.5,8,36,No moonrise,12:57 PM,05:57 AM,07:02 PM,25,38,38,31,7,19,70,0.5,1006,32,10,191,6,hongkong
2018-08-06,32,29,0.0,13.4,8,28,12:38 AM,01:57 PM,05:57 AM,07:01 PM,25,40,40,32,5,13,69,0.0,1006,32,10,128,4,hongkong
2018-08-07,32,29,0.0,13.4,7,21,01:27 AM,02:58 PM,05:58 AM,07:01 PM,25,38,38,32,7,16,68,1.3,1005,32,10,109,6,hongkong
2018-08-08,32,29,0.0,13.4,8,14,02:20 AM,04:01 PM,05:58 AM,07:00 PM,25,37,37,31,16,20,70,1.2,1004,32,10,87,13,hongkong
2018-08-09,32,29,0.0,13.0,8,6,03:20 AM,05:04 PM,05:58 AM,06:59 PM,24,36,36,31,26,25,70,1.1,1003,32,10,82,21,hongkong
2018-08-10,29,28,0.0,9.4,6,0,04:23 AM,06:04 PM,05:59 AM,06:59 PM,25,34,34,29,21,72,80,23.0,1002,29,9,105,14,hongkong
2018-08-11,28,28,0.0,9.4,6,0,05:30 AM,06:59 PM,05:59 AM,06:58 PM,25,33,33,28,22,70,81,13.2,999,28,9,109,16,hongkong
2018-08-12,29,28,0.0,11.8,7,1,06:36 AM,07:50 PM,06:00 AM,06:57 PM,25,33,33,28,19,62,81,13.7,996,29,8,97,14,hongkong
2018-08-13,31,28,0.0,12.6,7,8,07:42 AM,08:37 PM,06:00 AM,06:57 PM,25,36,36,30,19,37,77,7.8,996,31,10,92,14,hongkong
2018-08-14,31,28,0.0,11.8,6,15,08:44 AM,09:20 PM,06:00 AM,06:56 PM,25,35,35,29,26,57,78,10.5,996,31,9,82,18,hongkong
2018-08-15,31,28,0.0,11.6,7,22,09:44 AM,10:01 PM,06:01 AM,06:55 PM,25,35,35,30,15,44,77,4.9,999,31,9,133,12,hongkong
2018-08-16,30,28,0.0,11.6,6,30,10:41 AM,10:41 PM,06:01 AM,06:54 PM,25,35,35,29,15,48,78,9.4,1000,30,9,146,11,hongkong
2018-08-17,30,28,0.0,10.3,7,37,11:37 AM,11:22 PM,06:01 AM,06:54 PM,25,35,35,29,10,46,76,1.2,1000,30,10,190,8,hongkong
2018-08-18,31,28,0.0,10.3,7,44,12:31 PM,No moonset,06:02 AM,06:53 PM,24,35,35,30,9,50,73,4.9,1001,31,10,199,7,hongkong
2018-08-19,31,28,0.0,10.3,7,51,01:25 PM,12:03 AM,06:02 AM,06:52 PM,25,36,36,30,10,53,77,3.9,1002,31,10,198,8,hongkong
2018-08-20,30,28,0.0,10.3,7,59,02:16 PM,12:46 AM,06:02 AM,06:51 PM,25,36,36,30,8,46,76,3.0,1002,30,10,240,6,hongkong
2018-08-21,31,28,0.0,11.6,7,66,03:08 PM,01:31 AM,06:03 AM,06:50 PM,25,36,36,30,8,35,75,3.8,1000,31,10,118,6,hongkong
2018-08-22,32,28,0.0,11.6,7,73,03:57 PM,02:17 AM,06:03 AM,06:49 PM,26,38,38,31,7,25,74,5.2,1000,32,10,237,5,hongkong
2018-08-23,32,28,0.0,11.6,7,81,04:43 PM,03:06 AM,06:03 AM,06:49 PM,25,37,37,30,11,40,74,6.3,1001,32,10,266,8,hongkong
2018-08-24,32,28,0.0,8.9,7,88,05:28 PM,03:56 AM,06:04 AM,06:48 PM,25,36,36,30,9,60,73,2.1,1002,32,10,266,7,hongkong
2018-08-25,32,29,0.0,11.6,8,95,06:09 PM,04:46 AM,06:04 AM,06:47 PM,24,37,37,31,13,32,66,3.8,1000,32,10,274,10,hongkong
2018-08-26,31,28,0.0,8.9,7,100,06:48 PM,05:38 AM,06:04 AM,06:46 PM,24,35,35,30,7,55,69,7.0,1000,31,10,152,6,hongkong
2018-08-27,29,27,0.0,8.9,6,100,07:26 PM,06:29 AM,06:04 AM,06:45 PM,24,33,33,28,13,67,78,5.6,1001,29,10,222,9,hongkong
2018-08-28,29,27,0.0,7.5,7,83,08:03 PM,07:20 AM,06:05 AM,06:44 PM,24,32,32,28,17,75,82,10.5,1003,29,9,206,12,hongkong
2018-08-29,29,27,0.0,8.9,7,76,08:39 PM,08:11 AM,06:05 AM,06:43 PM,24,32,32,28,26,64,79,19.8,1003,29,9,194,16,hongkong
2018-08-30,29,27,0.0,7.5,7,69,09:17 PM,09:04 AM,06:05 AM,06:42 PM,24,32,32,28,31,71,81,20.5,1006,29,8,173,19,hongkong
2018-08-31,29,27,0.0,10.2,6,65,09:55 PM,09:57 AM,06:06 AM,06:41 PM,24,33,33,28,22,64,81,9.1,1010,29,10,162,16,hongkong
2018-09-01,27,27,0.0,7.5,6,48,10:36 PM,10:52 AM,06:06 AM,06:40 PM,24,32,32,27,11,77,83,5.2,1010,27,10,168,8,hongkong
2018-09-02,29,26,0.0,11.6,7,41,11:21 PM,11:49 AM,06:06 AM,06:40 PM,23,32,32,28,9,55,76,4.1,1007,29,9,165,7,hongkong
2018-09-03,30,27,0.0,10.2,7,33,No moonrise,12:48 PM,06:07 AM,06:39 PM,24,34,34,29,10,31,75,2.3,1007,30,10,209,8,hongkong
2018-09-04,31,28,0.0,11.6,7,26,12:11 AM,01:48 PM,06:07 AM,06:38 PM,25,36,36,30,12,23,75,0.3,1006,31,10,238,10,hongkong
2018-09-05,32,28,0.0,11.6,7,18,01:06 AM,02:49 PM,06:07 AM,06:37 PM,26,38,38,31,10,21,75,2.8,1005,32,10,229,8,hongkong
2018-09-06,31,28,0.0,11.6,7,11,02:06 AM,03:48 PM,06:07 AM,06:36 PM,25,37,37,30,8,25,75,1.0,1005,31,10,150,7,hongkong
2018-09-07,31,28,0.0,11.6,6,3,03:10 AM,04:44 PM,06:08 AM,06:35 PM,25,36,36,30,6,34,73,3.6,1007,31,10,170,4,hongkong
2018-09-08,30,27,0.0,10.2,7,0,04:15 AM,05:37 PM,06:08 AM,06:34 PM,23,33,33,29,14,48,73,10.8,1009,30,9,224,10,hongkong
2018-09-09,29,26,0.0,6.1,6,0,05:20 AM,06:25 PM,06:08 AM,06:33 PM,21,31,31,28,15,70,69,2.5,1011,29,10,52,12,hongkong
2018-09-10,29,27,0.0,11.6,7,0,06:24 AM,07:10 PM,06:09 AM,06:32 PM,22,31,31,28,9,54,70,0.2,1012,29,10,113,7,hongkong
2018-09-11,31,26,0.0,11.6,7,4,07:26 AM,07:53 PM,06:09 AM,06:31 PM,22,34,34,30,8,12,62,0.0,1010,31,10,178,7,hongkong
2018-09-12,30,27,0.0,8.9,6,12,08:25 AM,08:34 PM,06:09 AM,06:30 PM,23,32,32,28,27,62,74,3.2,1007,30,10,60,20,hongkong
2018-09-13,30,27,0.0,10.2,7,19,09:24 AM,09:16 PM,06:09 AM,06:29 PM,24,33,33,28,20,46,78,1.7,1009,30,10,86,16,hongkong
2018-09-14,31,27,0.0,11.6,7,27,10:20 AM,09:58 PM,06:10 AM,06:28 PM,25,36,36,30,9,24,75,2.1,1009,31,10,88,8,hongkong
2018-09-15,33,27,0.0,11.6,8,34,11:15 AM,10:40 PM,06:10 AM,06:27 PM,24,37,37,31,20,24,67,0.2,1003,33,10,134,14,hongkong
2018-09-16,30,27,0.0,6.1,6,42,12:09 PM,11:25 PM,06:10 AM,06:26 PM,24,32,32,28,96,90,78,106.5,989,30,8,81,63,hongkong
2018-09-17,29,27,0.0,7.5,6,49,01:01 PM,No moonset,06:10 AM,06:25 PM,25,33,33,28,38,61,82,11.5,1008,29,9,124,25,hongkong
2018-09-18,30,27,0.0,11.6,7,57,01:52 PM,12:12 AM,06:11 AM,06:24 PM,25,34,34,29,17,32,78,5.3,1013,30,10,102,13,hongkong
2018-09-19,31,27,0.0,11.6,7,64,02:39 PM,01:00 AM,06:11 AM,06:23 PM,24,36,36,30,6,12,71,0.0,1013,31,10,193,5,hongkong
2018-09-20,31,27,0.0,11.6,7,72,03:24 PM,01:50 AM,06:11 AM,06:22 PM,24,36,36,30,7,22,72,0.4,1011,31,10,198,6,hongkong
2018-09-21,31,27,0.0,11.6,7,80,04:07 PM,02:40 AM,06:12 AM,06:21 PM,24,36,36,30,7,19,69,0.1,1011,31,10,211,6,hongkong
2018-09-22,31,27,0.0,11.6,7,87,04:47 PM,03:32 AM,06:12 AM,06:20 PM,24,36,36,31,5,13,69,0.0,1013,31,10,164,4,hongkong
2018-09-23,30,27,0.0,11.6,7,95,05:26 PM,04:22 AM,06:12 AM,06:19 PM,24,35,35,30,6,23,73,1.2,1013,30,10,129,5,hongkong
2018-09-24,30,27,0.0,11.6,7,100,06:02 PM,05:14 AM,06:12 AM,06:18 PM,24,33,33,29,7,38,74,5.0,1011,30,10,149,6,hongkong
2018-09-25,30,27,0.0,8.8,7,100,06:39 PM,06:06 AM,06:13 AM,06:17 PM,22,32,32,29,11,41,70,0.9,1010,30,10,109,9,hongkong
2018-09-26,29,26,0.0,11.6,7,83,07:17 PM,06:59 AM,06:13 AM,06:16 PM,23,32,32,28,9,31,71,0.1,1009,29,10,115,7,hongkong
2018-09-27,29,26,0.0,11.6,7,75,07:55 PM,07:52 AM,06:13 AM,06:15 PM,23,32,32,28,5,43,73,0.0,1010,29,10,178,5,hongkong
2018-09-28,29,26,0.0,11.6,7,68,08:35 PM,08:47 AM,06:14 AM,06:14 PM,21,30,30,28,14,33,65,0.1,1010,29,10,160,11,hongkong
2018-09-29,29,25,0.0,11.6,7,60,09:20 PM,09:45 AM,06:14 AM,06:13 PM,19,29,29,28,19,17,59,0.0,1009,29,10,179,15,hongkong
2018-09-30,29,26,0.0,11.6,7,52,10:07 PM,10:43 AM,06:14 AM,06:12 PM,19,30,30,28,12,30,57,0.0,1011,29,10,42,10,hongkong
2018-10-01,29,26,0.0,10.2,7,51,11:00 PM,11:43 AM,06:14 AM,06:11 PM,20,30,30,28,13,45,65,0.3,1014,29,10,71,10,hongkong
2018-10-02,29,26,0.0,11.6,7,43,11:57 PM,12:42 PM,06:15 AM,06:10 PM,20,30,30,28,13,11,60,0.1,1015,29,10,66,11,hongkong
2018-10-03,29,25,0.0,11.6,7,36,No moonrise,01:40 PM,06:15 AM,06:09 PM,19,30,30,28,10,5,58,0.0,1015,29,10,77,9,hongkong
2018-10-04,29,25,0.0,11.6,7,29,12:58 AM,02:35 PM,06:15 AM,06:08 PM,17,30,30,29,11,4,51,0.0,1014,29,10,184,9,hongkong
2018-10-05,29,25,0.0,11.6,7,21,02:00 AM,03:28 PM,06:16 AM,06:07 PM,15,29,29,28,18,2,43,0.0,1012,29,10,268,15,hongkong
2018-10-06,29,24,0.0,11.6,7,14,03:04 AM,04:16 PM,06:16 AM,06:07 PM,16,30,30,29,12,1,46,0.0,1013,29,10,52,11,hongkong
2018-10-07,29,25,0.0,11.6,7,7,04:06 AM,05:01 PM,06:16 AM,06:06 PM,20,30,30,28,11,16,63,0.1,1015,29,10,79,9,hongkong
2018-10-08,29,25,0.0,11.6,7,0,05:08 AM,05:44 PM,06:17 AM,06:05 PM,22,30,30,27,12,25,71,0.2,1014,29,10,92,10,hongkong
2018-10-09,28,25,0.0,10.2,7,0,06:08 AM,06:26 PM,06:17 AM,06:04 PM,22,30,30,27,10,50,72,2.6,1014,28,10,108,8,hongkong
2018-10-10,28,23,0.0,11.6,7,0,07:07 AM,07:07 PM,06:17 AM,06:03 PM,21,28,28,26,12,41,74,4.1,1015,28,10,32,10,hongkong
2018-10-11,24,22,0.0,5.9,5,7,08:05 AM,07:49 PM,06:18 AM,06:02 PM,18,25,25,23,17,81,70,0.1,1018,24,10,23,14,hongkong
2018-10-12,25,22,0.0,7.3,5,15,09:02 AM,08:32 PM,06:18 AM,06:01 PM,17,26,26,24,15,75,66,0.0,1019,25,10,56,12,hongkong
2018-10-13,27,23,0.0,11.6,6,22,09:58 AM,09:17 PM,06:19 AM,06:00 PM,18,27,27,25,17,40,66,0.0,1017,27,10,79,14,hongkong
2018-10-14,27,24,0.0,7.3,6,29,10:52 AM,10:04 PM,06:19 AM,06:00 PM,21,28,28,26,15,59,77,0.2,1015,27,10,99,12,hongkong
2018-10-15,28,25,0.0,7.2,7,36,11:44 AM,10:52 PM,06:19 AM,05:59 PM,23,29,29,27,11,66,79,1.1,1014,28,10,112,9,hongkong
2018-10-16,25,24,0.0,4.3,5,44,12:33 PM,11:42 PM,06:20 AM,05:58 PM,22,27,27,25,11,95,83,6.9,1014,25,8,39,8,hongkong
2018-10-17,23,22,0.0,4.3,5,51,01:20 PM,No moonset,06:20 AM,05:57 PM,20,25,25,23,14,98,80,6.0,1013,23,9,109,11,hongkong
2018-10-18,23,22,0.0,5.7,5,58,02:03 PM,12:32 AM,06:21 AM,05:56 PM,19,25,25,23,21,81,80,3.1,1015,23,10,49,16,hongkong
2018-10-19,26,23,0.0,4.3,5,66,02:44 PM,01:23 AM,06:21 AM,05:56 PM,20,26,26,25,28,76,77,0.1,1017,26,10,74,21,hongkong
2018-10-20,25,24,0.0,5.7,5,73,03:23 PM,02:14 AM,06:21 AM,05:55 PM,20,26,26,25,22,68,77,0.1,1018,25,10,78,17,hongkong
2018-10-21,27,24,0.0,8.7,7,80,04:00 PM,03:06 AM,06:22 AM,05:54 PM,21,28,28,26,15,47,76,0.2,1018,27,10,92,12,hongkong
2018-10-22,27,24,0.0,7.2,7,87,04:37 PM,03:57 AM,06:22 AM,05:53 PM,22,29,29,26,7,36,77,0.0,1016,27,10,88,6,hongkong
2018-10-23,27,24,0.0,8.7,7,95,05:14 PM,04:50 AM,06:23 AM,05:53 PM,20,28,28,26,9,49,70,0.0,1017,27,10,86,7,hongkong
2018-10-24,27,24,0.0,7.2,7,100,05:52 PM,05:44 AM,06:23 AM,05:52 PM,21,28,28,26,13,52,75,0.3,1017,27,10,87,11,hongkong
2018-10-25,27,24,0.0,8.7,7,100,06:32 PM,06:39 AM,06:24 AM,05:51 PM,22,29,29,26,10,31,77,0.1,1017,27,10,104,8,hongkong
2018-10-26,29,24,0.0,8.7,7,84,07:16 PM,07:37 AM,06:24 AM,05:50 PM,22,30,30,27,10,25,73,0.0,1017,29,10,265,8,hongkong
2018-10-27,27,24,0.0,8.7,7,76,08:04 PM,08:36 AM,06:25 AM,05:50 PM,18,27,27,26,15,20,60,0.0,1018,27,10,31,12,hongkong
2018-10-28,26,22,0.0,8.7,6,69,08:56 PM,09:37 AM,06:25 AM,05:49 PM,14,27,27,27,10,2,45,0.1,1017,26,10,110,9,hongkong
2018-10-29,27,23,0.0,8.7,7,62,09:52 PM,10:37 AM,06:26 AM,05:48 PM,12,28,28,28,14,0,36,0.0,1015,27,10,148,12,hongkong
2018-10-30,27,23,0.0,8.7,6,54,10:52 PM,11:37 AM,06:26 AM,05:48 PM,12,27,27,27,19,1,41,0.0,1015,27,10,18,16,hongkong
2018-10-31,26,22,0.0,8.7,6,51,11:54 PM,12:32 PM,06:27 AM,05:47 PM,11,25,25,24,25,29,43,0.0,1014,26,10,19,19,hongkong
2018-11-01,26,22,0.0,7.2,6,34,No moonrise,01:25 PM,06:27 AM,05:47 PM,12,25,25,24,29,37,50,0.1,1013,26,10,61,21,hongkong
2018-11-02,21,20,0.0,5.7,6,26,12:55 AM,02:13 PM,06:28 AM,05:46 PM,15,21,22,21,20,60,70,1.9,1016,21,10,98,16,hongkong
2018-11-03,23,20,0.0,4.2,5,19,01:57 AM,02:57 PM,06:28 AM,05:46 PM,16,22,23,22,13,97,69,0.0,1017,23,10,60,10,hongkong
2018-11-04,26,23,0.0,8.7,6,11,02:57 AM,03:40 PM,06:29 AM,05:45 PM,20,26,26,24,15,63,77,0.2,1016,26,10,71,12,hongkong
2018-11-05,27,24,0.0,7.2,6,4,03:56 AM,04:20 PM,06:29 AM,05:45 PM,21,27,27,25,18,60,79,0.7,1016,27,10,85,14,hongkong
2018-11-06,27,23,0.0,8.7,6,0,04:54 AM,05:01 PM,06:30 AM,05:44 PM,21,28,28,26,15,20,77,0.0,1017,27,10,82,13,hongkong
2018-11-07,27,24,0.0,8.7,7,0,05:51 AM,05:42 PM,06:30 AM,05:44 PM,21,29,29,26,12,18,75,0.0,1017,27,10,76,10,hongkong
2018-11-08,26,24,0.0,7.2,6,0,06:48 AM,06:24 PM,06:31 AM,05:43 PM,20,27,27,25,13,47,73,0.1,1017,26,10,62,10,hongkong
2018-11-09,26,22,0.0,7.2,6,4,07:45 AM,07:09 PM,06:32 AM,05:43 PM,17,26,26,24,16,49,65,0.0,1017,26,10,53,13,hongkong
2018-11-10,25,23,0.0,5.7,5,11,08:40 AM,07:55 PM,06:32 AM,05:42 PM,20,26,26,24,23,62,79,0.0,1018,25,10,79,18,hongkong
2018-11-11,26,23,0.0,8.7,6,19,09:34 AM,08:43 PM,06:33 AM,05:42 PM,20,27,27,25,14,31,76,0.1,1017,26,10,77,12,hongkong
2018-11-12,28,24,0.0,8.7,7,26,10:25 AM,09:33 PM,06:33 AM,05:41 PM,21,29,29,27,9,29,72,0.2,1014,28,10,60,7,hongkong
2018-11-13,26,23,0.0,8.7,6,34,11:14 AM,10:23 PM,06:34 AM,05:41 PM,19,26,26,25,15,32,71,0.3,1014,26,10,69,12,hongkong
2018-11-14,25,23,0.0,5.7,5,41,11:58 AM,11:14 PM,06:35 AM,05:41 PM,19,26,26,24,23,55,74,0.2,1015,25,10,84,18,hongkong
2018-11-15,24,23,0.0,4.1,5,49,12:40 PM,No moonset,06:35 AM,05:41 PM,21,26,26,24,24,91,83,0.3,1016,24,10,85,18,hongkong
2018-11-16,26,23,0.0,7.2,6,56,01:20 PM,12:05 AM,06:36 AM,05:40 PM,22,27,27,25,18,64,83,0.7,1015,26,10,86,14,hongkong
2018-11-17,24,23,0.0,4.1,5,64,01:57 PM,12:56 AM,06:36 AM,05:40 PM,21,26,26,24,17,90,83,0.3,1016,24,10,57,13,hongkong
2018-11-18,26,23,0.0,8.7,6,72,02:33 PM,01:47 AM,06:37 AM,05:40 PM,21,27,27,25,12,69,80,0.1,1016,26,10,151,10,hongkong
2018-11-19,25,21,0.0,8.7,6,79,03:10 PM,02:38 AM,06:38 AM,05:40 PM,17,26,26,24,15,40,67,0.0,1018,25,10,70,12,hongkong
2018-11-20,25,22,0.0,8.7,6,87,03:47 PM,03:31 AM,06:38 AM,05:39 PM,19,26,26,24,19,72,75,0.3,1017,25,10,81,16,hongkong
2018-11-21,26,22,0.0,8.7,6,94,04:26 PM,04:25 AM,06:39 AM,05:39 PM,20,27,27,25,14,65,76,0.7,1017,26,10,130,11,hongkong
2018-11-22,22,18,0.0,7.2,6,100,05:08 PM,05:23 AM,06:40 AM,05:39 PM,12,20,21,20,24,56,60,0.0,1020,22,10,60,19,hongkong
2018-11-23,23,19,0.0,8.7,6,100,05:55 PM,06:22 AM,06:40 AM,05:39 PM,14,22,23,22,14,22,60,0.0,1020,23,10,90,12,hongkong
2018-11-24,23,20,0.0,8.7,6,83,06:46 PM,07:24 AM,06:41 AM,05:39 PM,16,23,25,23,15,20,65,0.0,1020,23,10,61,12,hongkong
2018-11-25,22,18,0.0,4.1,4,76,07:43 PM,08:27 AM,06:42 AM,05:39 PM,15,20,21,20,15,70,72,12.9,1019,22,9,43,12,hongkong
2018-11-26,21,18,0.0,7.2,4,68,08:43 PM,09:29 AM,06:42 AM,05:39 PM,16,20,21,20,14,68,78,4.7,1019,21,10,43,11,hongkong
2018-11-27,20,19,0.0,4.1,4,60,09:46 PM,10:28 AM,06:43 AM,05:39 PM,16,20,20,20,15,99,77,9.4,1019,20,9,35,11,hongkong
2018-11-28,21,20,0.0,5.6,5,53,10:49 PM,11:23 AM,06:44 AM,05:39 PM,18,21,22,21,13,87,83,5.2,1020,21,9,47,10,hongkong
2018-11-29,24,20,0.0,8.7,6,45,11:51 PM,12:12 PM,06:44 AM,05:39 PM,18,22,24,22,15,35,74,0.0,1021,24,10,71,12,hongkong
2018-11-30,24,21,0.0,8.7,6,38,No moonrise,12:58 PM,06:45 AM,05:39 PM,17,24,24,23,19,40,69,0.0,1021,24,10,81,15,hongkong
2018-12-01,24,21,0.0,8.7,6,36,12:51 AM,01:40 PM,06:46 AM,05:39 PM,18,25,25,23,17,29,74,0.0,1018,24,10,77,13,hongkong
2018-12-02,25,22,0.0,8.7,6,29,01:50 AM,02:20 PM,06:46 AM,05:39 PM,20,26,26,24,12,10,77,0.0,1016,25,10,90,10,hongkong
2018-12-03,25,22,0.0,7.2,6,22,02:47 AM,03:00 PM,06:47 AM,05:39 PM,21,26,26,24,13,60,81,0.4,1017,25,10,84,9,hongkong
2018-12-04,27,23,0.0,8.7,6,15,03:43 AM,03:39 PM,06:48 AM,05:39 PM,21,28,28,26,9,20,76,0.0,1016,27,10,71,7,hongkong
2018-12-05,25,23,0.0,4.1,5,7,04:39 AM,04:20 PM,06:48 AM,05:39 PM,20,26,26,24,20,84,78,0.2,1016,25,10,65,15,hongkong
2018-12-06,24,23,0.0,8.7,5,0,05:35 AM,05:03 PM,06:49 AM,05:39 PM,20,26,26,23,14,65,83,0.4,1015,24,10,66,10,hongkong
2018-12-07,23,17,0.0,4.1,5,0,06:30 AM,05:48 PM,06:50 AM,05:40 PM,16,21,22,21,18,89,74,0.7,1019,23,10,33,15,hongkong
2018-12-08,19,15,0.0,7.2,5,0,07:25 AM,06:35 PM,06:50 AM,05:40 PM,10,17,17,17,20,75,63,0.1,1022,19,10,17,17,hongkong
2018-12-09,16,15,0.0,5.6,5,7,08:17 AM,07:24 PM,06:51 AM,05:40 PM,11,15,15,15,17,76,74,0.9,1022,16,9,104,14,hongkong
2018-12-10,18,14,0.0,5.6,4,14,09:07 AM,08:14 PM,06:52 AM,05:40 PM,10,16,16,16,18,76,69,0.1,1021,18,10,53,15,hongkong
2018-12-11,18,15,0.0,8.7,5,21,09:54 AM,09:06 PM,06:52 AM,05:41 PM,10,17,17,17,24,52,62,0.0,1021,18,10,267,20,hongkong
2018-12-12,16,13,0.0,8.7,4,29,10:36 AM,09:57 PM,06:53 AM,05:41 PM,6,13,14,13,23,45,60,0.0,1025,16,10,98,19,hongkong
2018-12-13,15,12,0.0,4.1,3,36,11:17 AM,10:47 PM,06:54 AM,05:41 PM,8,13,14,13,19,81,68,0.1,1026,15,10,13,16,hongkong
2018-12-14,18,14,0.0,7.2,5,43,11:55 AM,11:38 PM,06:54 AM,05:42 PM,9,15,16,15,17,51,66,0.0,1025,18,10,19,14,hongkong
2018-12-15,20,16,0.0,7.2,5,51,12:30 PM,No moonset,06:55 AM,05:42 PM,12,19,19,19,14,60,66,0.0,1024,20,10,109,11,hongkong
2018-12-16,19,17,0.0,5.6,4,58,01:06 PM,12:28 AM,06:55 AM,05:42 PM,13,18,18,18,20,63,71,0.1,1023,19,10,308,15,hongkong
2018-12-17,20,15,0.0,8.7,5,65,01:42 PM,01:19 AM,06:56 AM,05:43 PM,6,18,19,18,17,16,46,0.0,1023,20,10,66,14,hongkong
2018-12-18,20,17,0.0,8.7,5,72,02:19 PM,02:11 AM,06:57 AM,05:43 PM,8,20,20,20,16,34,47,0.0,1022,20,10,62,14,hongkong
2018-12-19,23,19,0.0,7.2,6,80,02:59 PM,03:06 AM,06:57 AM,05:44 PM,16,21,23,21,17,72,73,0.4,1020,23,10,85,14,hongkong
2018-12-20,24,21,0.0,7.2,6,87,03:43 PM,04:03 AM,06:58 AM,05:44 PM,20,25,25,23,13,48,83,0.4,1016,24,10,107,10,hongkong
2018-12-21,25,22,0.0,8.7,6,94,04:31 PM,05:04 AM,06:58 AM,05:45 PM,20,26,26,24,18,35,82,0.3,1015,25,10,94,13,hongkong
2018-12-22,24,21,0.0,4.1,5,100,05:27 PM,06:07 AM,06:59 AM,05:45 PM,19,25,25,23,13,70,78,0.0,1017,24,10,61,10,hongkong
2018-12-23,22,17,0.0,4.1,5,100,06:26 PM,07:11 AM,06:59 AM,05:46 PM,16,21,21,21,20,100,76,3.1,1018,22,9,27,15,hongkong
2018-12-24,19,17,0.0,3.9,4,84,07:31 PM,08:14 AM,07:00 AM,05:46 PM,13,18,18,18,18,93,75,0.4,1018,19,9,31,15,hongkong
2018-12-25,21,18,0.0,5.5,4,77,08:36 PM,09:13 AM,07:00 AM,05:47 PM,15,19,19,19,13,79,74,0.2,1016,21,10,38,10,hongkong
2018-12-26,23,19,0.0,8.7,6,69,09:42 PM,10:07 AM,07:01 AM,05:47 PM,16,22,23,22,7,58,70,0.0,1014,23,10,161,6,hongkong
2018-12-27,22,20,0.0,8.7,6,62,10:44 PM,10:56 AM,07:01 AM,05:48 PM,15,22,23,22,15,43,66,0.1,1017,22,10,39,12,hongkong
2018-12-28,20,15,0.0,8.7,5,55,11:45 PM,11:40 AM,07:01 AM,05:48 PM,10,18,18,18,23,27,61,0.0,1022,20,10,36,19,hongkong
2018-12-29,14,12,0.0,8.7,4,48,No moonrise,12:21 PM,07:02 AM,05:49 PM,6,12,13,12,24,44,62,0.0,1026,14,10,21,20,hongkong
2018-12-30,13,10,0.0,3.9,3,40,12:42 AM,01:01 PM,07:02 AM,05:50 PM,4,9,12,9,24,70,59,0.0,1027,13,10,10,20,hongkong
2018-12-31,12,11,0.0,3.9,3,36,01:39 AM,01:40 PM,07:03 AM,05:50 PM,6,10,12,10,21,79,69,0.0,1028,12,10,138,18,hongkong
